especie_id,nom_ctf,desc_eng,nom_eng,desc_cat,desc_cas,nom_cat,_id,nom_cas
158,Populus tremula,"This is a deciduous tree with a round crown. It is native to Europe, Central and Western Asia and North Africa. The leaf petiole is flat, elongated and flexible, which means that the leaves tremble in even slight breezes. It blossoms in February and March, with small catkins; the male reddish-grey flowers are woolly and the female flowers are green. It produces brown ovoid capsules that ripen between April and May and disseminate seeds covered in white cottony fibres. In Barcelona, it is planted in streets and squares, as well as in parks and gardens. The 'Pendula' cultivar can also be found.",Aspen,"Arbre caducifoli, de capçada arrodonida, originari d'Europa, del centre i l'oest d'Àsia i el nord d'Àfrica. El pecíol de les fulles és pla, allargat i flexible, per la qual cosa les fulles tremolen amb el ventijol més lleuger. La floració es produeix als mesos de febrer i març, amb flors menudes agrupades, les masculines llanoses i de color gris vermellós, i les femenines de color verd. Els fruits són càpsules ovoides marronoses que maduren entre l'abril i el maig i que disseminen unes llavors envoltades de pèls cotonosos blancs. A Barcelona s'utilitza com a arbrat viari, en places, i en parcs i jardins. Es pot trobar plantada la cultivar 'Pendula'.","Árbol caducifolio, de copa redondeada, originario de Europa, del centro y el oeste de Asia y el norte de África. El peciolo de las hojas es plano, alargado y flexible, por lo que las hojas tiemblan con la brisa más ligera. La floración se produce en los meses de febrero y marzo, con flores pequeñas agrupadas; las masculinas, lanosas y de color gris rojizo, y las femeninas, de color verde. Los frutos son cápsulas ovoides amarronadas que maduran entre abril y mayo y que diseminan unas semillas rodeadas de pelos algodonosos blancos. En Barcelona se utiliza como arbolado viario, en plazas y en parques y jardines. Se puede encontrar plantado el cultivar 'Pendula'.","Trémol,  trèmol",1,"Alamo temblón,  álamo temblón"
2437,Laurus nobilis 'Crispa',"An evergreen shrub or small tree with an ovoid crown, native to the Mediterranean region. It has aromatic leaves. It blossoms between February and April, with small greenish-yellow flowers. It produces black ovoid fruit that ripen in the autumn. In Barcelona, it is planted in parks and gardens and as a street tree.  You can come across the 'Crispa' cultivar, which has undulating leaf margins. Its flowers attract pollinators and its fruit may attract some species of fauna.",Sweet bay,"Arbret o arbust perennifoli, de capçada ovoïdal, originari de la regió mediterrània. Les fulles són aromàtiques. Floreix entre els mesos de febrer i abril, amb flors petites i de color groc verdós. Els fruits són ovoides, de color negre, i maduren a la tardor. A Barcelona es planta en parcs i jardins i com a arbre viari.  Podem trobar la cultivar 'Crispa', que presenta les fulles amb marge ondulat. La seva floració atrau pol·linitzadors i els seus fruits poden atraure algunes espècies de fauna.","Arbolillo o arbusto perennifolio, de copa ovoide, originario de la región mediterránea. Las hojas son aromáticas. Florece entre los meses de febrero y abril, con flores pequeñas y de color amarillo verdoso. Los frutos son ovoides, de color negro, y maduran en otoño. En Barcelona se planta en parques y jardines y como árbol viario.  Podemos encontrar el cultivar 'Crispa', que presenta las hojas con borde ondulado. Su floración atrae polinizadores y sus frutos pueden atraer algunas especies de fauna.",Llorer,2,Laurel
840,Acer negundo,"A deciduous tree with a round, irregular crown, native to North America. It blossoms in March and April, just before the leaves appear. It has tiny greenish-yellow flowers, grouped in inflorescences. It produces brownish-green samaras that appear at the beginning of autumn and remain on the tree for six months. It should not be pruned. In Barcelona, it is found in squares, parks and gardens. It can present invasive behaviour.",Box elder,"Arbre caducifoli, de capçada arrodonida i irregular, originari de l'Amèrica del Nord. La floració es produeix durant els mesos de març i d'abril, just abans que apareguin les fulles, amb unes flors diminutes, de color groc verdós, agrupades en inflorescències. Els fruits són disàmares de color verd marronós, que apareixen al principi de la tardor i es mantenen durant sis mesos. No li convé la poda. A Barcelona es pot trobar en places i parcs i jardins. Pot presentar un comportament invasor.","Árbol caducifolio, de copa redondeada e irregular, originario de Norteamérica. La floración se produce durante los meses de marzo y abril, justo antes de que aparezcan las hojas, con unas flores diminutas, de color amarillo verdoso, agrupadas en inflorescencias. Los frutos son disámaras de color verde amarronado, que aparecen a principios de otoño y se mantienen durante seis meses. No le conviene la poda. En Barcelona se puede encontrar en plazas y parques y jardines. Puede presentar un comportamiento invasor.",Negundo,3,"Arce negundo,  Negundo"
970,Broussonetia papyrifera,"This is a deciduous tree with a round crown. It is native to Eastern Asia. It blossoms between April and May, with insignificant grey and cream male flowers and female flowers that measure 2.5 cm. It produces orange-red globular fruit, which appear in the summer. Its bark fibres are used to make high-quality paper. In Barcelona, it is planted as a street tree and also in parks and gardens.",Paper mulberry,"És un arbre caducifoli, de capçada arrodonida. Originari de l'est d'Àsia. Floreix entre l'abril i el maig, amb flors masculines insignificants, de color gris i crema, i flors femenines de 2,5 centímetres. Els fruits, que apareixen a l'estiu, són globosos i de color vermell ataronjat. De les fibres de l'escorça se'n fa paper d'alta qualitat. Es planta a Barcelona com a arbre viari i en parcs i jardins.","Es un árbol caducifolio, de copa redondeada. Originario del este de Asia. Florece entre abril y mayo, con flores masculinas insignificantes, de color gris y crema, y flores femeninas de 2,5 centímetros. Los frutos, que aparecen en verano, son globosos y de color rojo anaranjado. De las fibras de la corteza se obtiene papel de alta calidad. Se planta en Barcelona como árbol viario y en parques y jardines.",Morera del paper,4,Morera del papel
4943585,Phymosia umbellata,"A sparsely-branched evergreen shrub, native to Mexico. It has hairy stems and large, deep-green leaves, with a rugose texture and veining on the lower side. It blossoms from spring to autumn, with violet, purple or scarlet flowers that have a white base, arranged in groups of three.",Mexican Bush Mallow,"Arbust perenne, poc ramificat, originari de Mèxic. Les tiges són piloses, i les fulles són grans, de color verd intens, amb textura rugosa i nerviacions al revers. Floreix de primavera a tardor, amb flors agrupades en grups de fins a tres, de color violeta, porpre o escarlata, i amb la base de color blanc.","Arbusto perenne, poco ramificado, originario de México. Los tallos son pilosos, y las hojas son grandes, de color verde intenso, con textura rugosa y nervaduras en el reverso. Florece de primavera a otoño, con flores agrupadas en grupos de hasta tres, de color violeta, púrpura o escarlata, y con la base de color blanco.",Fimòsia,5,Fimosia
2165,Casimiroa edulis,"An evergreen tree with a very extensive crown which branches out near the ground. It is native to South America. It can blossom and bear fruit more than once a year. It produces yellowish-green flowers. It bears pale-green globular fruit with a fragrant, creamy pulp.",White sapote,"Arbre perennifoli, amb la capçada molt ampla, que es ramifica a poca alçada. És originari d'Amèrica del Sud. Pot florir i fer fruit més d'un cop l'any. Les flors són de color verd groguenc. El fruit és globós, de color verd pàl·lid i amb la polpa cremosa i perfumada.","Árbol perennifolio, con la copa muy ancha, que se ramifica a poca altura. Es originario de Suramérica. Puede florecer y dar fruto más de una vez al año. Las flores son de color verde amarillento. El fruto es globoso, de color verde pálido y con la pulpa cremosa y perfumada.",Sapote blanc,369,Zapote blanco
1620,Pinus roxburghii,"An evergreen arboreal conifer, native to Southern Asia (the Himalayas). It flowers between February and April, with yellowish-brown male flowers and female flowers forming light-green cones. It produces glossy-brown or greyish-brown pine cones that ripen in the second year. In Barcelona, it is planted as a street tree in boulevards and avenues, as well as in parks and gardens. The dry needles fall abundantly in the summer, covering the ground.",Longleaf Indian pine,"Conífera arbòria perennifòlia, originària del sud d'Àsia (l'Himàlaia). La floració es produeix entre els mesos de febrer i abril, amb flors masculines de color marró groguenc i flors femenines formant cons de color verd clar. Els fruits són pinyes de color bru brillant o bru grisenc que maduren el segon any. A Barcelona s'utilitza com a arbre viari en passeigs i avingudes o com a arbre de parcs i jardins. Les fulles seques cauen en abundància a l'estiu i arriben a cobrir el sòl.","Conífera arbórea perennifolia, originaria del sur de Asia (el Himalaya). La floración se produce entre los meses de febrero y abril, con flores masculinas de color marrón amarillento y flores femeninas que forman conos de color verde claro. Los frutos son piñas de color marrón brillante o pardo grisáceo que maduran el segundo año. En Barcelona se utiliza como árbol viario en paseos y avenidas o como árbol de parques y jardines. Sus hojas secas caen en abundancia en verano y llegan a cubrir el suelo.",Pi de l'Himàlaia,6,Pino de Roxburgh
1219,Cotinus coggygria,"A deciduous shrub or small tree with an extensive, sparse crown, native to Europe. In the autumn, the leaves turn yellow, orange or purplish-red. It blossoms from May to July, with unattractive yellow flowers, accompanied by very attractive long purple filaments. It bears brown, globular fruit which darken as they ripen. It is planted as a street tree and also in parks and gardens.",Smoke tree,"Arbust o arbret caducifoli, amb capçada ampla i poc densa, originari d'Europa. A la tardor les fulles presenten colors grocs, taronges o vermell purpuri. Floreix de maig a juliol, amb flors poc vistoses de color groc, acompanyades d'uns filaments llargs de color porpra molt vistosos. Els fruits són globosos i de color marró, que es van enfosquint en madurar. S'utilitza com a arbre viari, i en parcs i jardins.","Arbusto o árbol pequeño caducifolio, con copa ancha y poco densa, originario de Europa. En otoño las hojas presentan colores amarillos, naranjas o rojo purpúreo. Florece de mayo a julio, con flores poco vistosas de color amarillo, acompañadas de unos filamentos largos de color púrpura muy llamativos. Los frutos son globosos y de color marrón, y se van oscureciendo al madurar. Se utiliza como árbol viario y en parques y jardines.","Arbre de les perruques,  fustet",7,"Árbol de las pelucas,  fustete común"
2330,Ficus elastica 'Decora Rubra',"This is an evergreen tree with a round crown, native to South and South Eastern Asia. It has unremarkable whitish flowers. It produces yellowish-green figs that ripen in the summer in tropical areas. It is widely used as an interior plant. In Barcelona, it is found in squares, parks and gardens. Barcelona has planted the cultivar 'Decora Rubra'.",Evergreen fig,"Arbre perennifoli, de capçada arrodonida, originari del sud i sud-est d'Àsia. Fa flors petites, sense interès, de color blanquinós. Els fruits són figues de color verd groguenc que maduren a l'estiu en zones tropicals. És molt emprat com a planta d'interior. A Barcelona el trobem en places i parcs i jardins. A Barcelona trobem la cultivar 'Decora Rubra'.","Árbol perennifolio, de copa redondeada, originario del sur y sureste de Asia. Sus flores son pequeñas, sin interés, de color blanquecino. Los frutos son higos de color verde amarillento que maduran en verano en zonas tropicales. Es muy utilizado como planta de interior. En Barcelona lo encontramos en plazas y parques y jardines. En Barcelona encontramos el cultivar 'Decora Rubra'.","Arbre del cautxú,  ficus de cautxú",8,"Arbol del Caucho,  árbol del caucho"
2423,Juniperus oxycedrus,"A bushy conifer, native to the Mediterranean region. It has scale-like, lanceolate leaves with two easily distinguishable white stripes. It bears globular berries that turn from green to brownish-red when they ripen. It is used for replanting and in low-maintenance Mediterranean gardens.",Prickly juniper,"Conífera arbustiva, originària de la regió mediterrània. Les fulles són escamoses, lanceolades, amb dues franjes blanques ben distingibles. El fruit són baies globoses, de color verd al principi, i marró vermellós quan maduren. S'utilitza en revegetacions i en jardins mediterranis de baix manteniment.","Conífera arbustiva, originaria de la región mediterránea. Las hojas son escamosas, lanceoladas, con dos franjas blancas bien distinguibles. El fruto son bayas globosas, de color verde al principio y marrón rojizo cuando maduran. Se utiliza en revegetaciones y en jardines mediterráneos de bajo mantenimiento.",Càdec,9,Enebro de la miera
547,Tilia cordata,"This is a deciduous tree with a conical or ovoid crown. It is native to Europe and North Western Asia. It presents a lot of basal regrowth. It blossoms from June to August, with perfumed, creamy-yellow flowers. It produces light-brown fruit that ripen in the autumn. It may have difficulty in adapting, but it is planted in streets, parks and gardens.",Small leaved lime,"És un arbre caducifoli, de capçada cònica a ovoidal. Originari d'Europa i del nord-oest d'Àsia. Presenta molts rebrots basals. La floració es produeix entre els mesos de juny i agost, amb flors de color groc cremós, perfumades. Els fruits són de color marró clar i maduren a la tardor. Pot presentar dificultats d'adaptació, però s'utilitza com a arbre viari i es planta en parcs i jardins.","Es un árbol caducifolio, de copa cónica en ovoidal. Originario de Europa y del noroeste de Asia. Presenta muchos retoños basales. La floración se produce entre los meses de junio y agosto, con flores de color amarillo cremoso, perfumadas. Los frutos son de color marrón claro y maduran en otoño. Puede presentar dificultades de adaptación, pero se utiliza como árbol viario y se planta en parques y jardines.","Til·ler de fulla petita,  tell de fulla petita",10,"Tilo de hoja pequeña,  tilo de hojas pequeñas"
2242,Crataegus laevigata,"It is a bush or small tree, deciduous and native to the Western and Central Europe. The branches are covered with big thorns and the leaves are dentate. It blooms in May, with white flowers in groups. Fruits ripe in autumn. These are red coloured, chickpeas sized and contain two or three seeds.  Its fruits are a source food for birds.",Midland hawthorn,"Arbust o arbre de mida petita, caducifoli i originari de l'oest i centre d'Europa. Presenta les branques cobertes de grans espines i les fulles tenen els marges serrats. Floreix al maig, amb flors  agrupades i de color blanquinós. Els fruits maduren cap a la tardor, són de color vermell i de la mida d'un cigró, i contenen dues o tres llavors. Aquests fruits serveixen d'aliment per algunes espècies d'ocells.","Arbusto o árbol de tamaño pequeño, caducifolio y originario del oeste y centro de Europa. Presenta las ramas cubiertas de grandes espinas y las hojas tienen los márgenes serrados. Florece en mayo, con flores agrupadas y de color blanquecino. Los frutos maduran hacia el otoño, son de color rojo, de la medida de un garbanzo, y contienen dos o tres semillas. Estos frutos sirven de alimento por algunos pájaros.",Espinalb centreuropeu,17,Espino navarro
590,Ulmus RESISTA® 'Sapporo Autumn Gold',"This is a deciduous tree with a round crown. It is a horticultural hybrid, obtained in Japan. Its blossom appears in March, before the leaves sprout, and it is not ornamental. Neither are the fruit, which ripen in April. This tree is resistant to Dutch Elm Disease, something that has destroyed most European elms. Another elm that is resistant to Dutch Elm Disease has recently been marketed: Ulmus 'New Horizon' Resista®, obtained in the United States.",Elm,"Arbre caducifoli, de capçada arrodonida. Hortícola, d'origen híbrid obtingut al Japó. Les flors apareixen al març, abans que brotin les fulles noves, i no són ornamentals, com tampoc no ho són els fruits, que maduren durant el mes d'abril. Aquest arbre és resistent a la grafiosi de l'om, una malaltia que ha destruït la gran majoria dels oms europeus. Recentment s'ha introduït en el mercat un altre om resistent a la grafiosi, l'Ulmus 'New Horizon' Resista®, obtingut als Estats Units.","Árbol caducifolio, de copa redondeada. Hortícola, de origen híbrido, obtenido en Japón. Las flores aparecen en marzo, antes de que broten las hojas nuevas, y no son ornamentales, como tampoco lo son los frutos, que maduran durante el mes de abril. Este árbol es resistente a la grafiosis del olmo, una enfermedad que ha destruido la gran mayoría de los olmos europeos. Recientemente se ha introducido en el mercado otro olmo resistente a la grafiosis, Ulmus 'New Horizon' Resista®, obtenido en los Estados Unidos.",Om,11,Olmo
5286633,Ficus salicifolia,"This is an evergreen tree, native to tropical forest regions of Africa. The leaves are elliptic-oblong, leathery and green coloured. It has small spherical inflorescences of yellow color, resembling a berry. It is used as an ornamental tree in parks and gardens.",Wonderboom ,"Arbre de fulla perenne, originari de les regions de bosc tropical d'Àfrica. Les fulles són de forma el·líptica-oblonga i de color verd. Té petites inflorescències esfèriques de color groc, semblant a una baia. S'utilitza com a arbre ornamental en parcs i jardins.","Árbol de hoja perenne, originario de las regiones forestales tropicales de África. Las hojas son elípticas-oblongas y de color verde. Tiene pequeñas inflorescencias esféricas de color amarillo, que se asemejan a una baya. Se utiliza como árbol ornamental en parques y jardines.",Ficus,12,Higuera
2446,Ligustrum japonicum 'Variegatum',"An evergreen shrub with a rounded crown, native to Japan. It blossoms in July and August, with fragrant white flowers. It produces black globular fruit that ripen in mid-autumn. It is planted to create hedges or used in ornamental gardening.  Three cultivars are found in Barcelona: 'Macrophyllum', with broader, darker leaves; 'Rotundifolium', with rounder leaves; 'Variegatum', with creamy-white leaf margins; and 'Texanum', with coriaceous and wide leaves, slighltly bent on the central nerve, and with yellow-white flowers.  The blossom of these species attracts pollinators.",Japanese privet,"Arbust perennifoli, de capçada arrodonida i originari del Japó. Floreix entre juliol i agost, amb flors oloroses, de color blanc. Els fruits són globosos, de color negre i maduren a mitjans de tardor. Es planta com a arbust per a la creació de tanques o en jardineria ornamental.  A Barcelona trobem les cultivars 'Macrophyllum', de fulles més amples i fosques; 'Rotundifolium', amb les fulles més arrodonides; 'Variegatum', amb els marges de les fulles de color blanc crema; i 'Texanum' amb les fulles coriàcies, acabades en punta i lleugerament doblegades pel nervi central, molt marcat, i les flors de color blanc grogós. Les floracions d'aquestes espècies atrauen pol·linitzadors.","Arbusto perennifolio, de copa redondeada y originario de Japón. Florece entre julio y agosto, con flores olorosas, de color blanco. Los frutos son globosos, de color negro, y maduran a mediados de otoño. Se planta como arbusto para la creación de setos o en jardinería ornamental.  En Barcelona encontramos los cultivares 'Macrophyllum', de hojas más anchas y oscuras; 'Rotundifolium', con las hojas más redondeadas; 'Variegatum', con los márgenes de las hojas de color blanco crema; y 'Texanum', con las hojas coriaceas, acabadas en punta y ligeramente dobladas por el nervio central, muy marcado, y de flores blancas amarillentas. Las floraciones de estas especies atraen polinizadores.","Troana,  troana del Japó",13,"Aligustre japonés,  aligustre del Japón"
2022,Acacia verticillata,"A small evergreen tree, with a very irregular crown, native to Australia. It flowers in spring, with pale-yellow, almost white flowers. It produces straight, dark-brown seedpods. It is normally planted as an ornamental tree in parks and gardens, as it is much appreciated for its elegant blossom.",Prickly moses,"Arbre perennifoli i de mida petita, amb capçada força irregular, originari d'Austràlia. Floreix a la primavera amb flors de color groc pàl·lid, gairebé blanquinós. El fruit és un llegum linear i de color marró fosc. Normalment es planta com a arbre ornamental en jardins i parcs, ja que és molt apreciat per la seva floració elegant.","Árbol  perennifolio y de tamaño pequeño, con copa bastante irregular, originario de Australia. Florece en primavera, con flores de color amarillo pálido, casi blanquecino. El fruto es una legumbre lineal y de color marrón oscuro. Normalmente se planta como árbol ornamental en jardines y parques, ya que es muy apreciado por su elegante floración.",Acàcia verticil·lada,14,Acacia verticilada
940,Betula pendula,"This is a deciduous tree with a round crown. It is native to Europe, Northern Asia and North Africa. Its leaves turn a pretty shade of yellow in the autumn. It flowers in spring, with grouped, greenish-yellow male flowers and female flowers (catkins) which develop into brown infructescences that mature in the summer. It is not drought tolerant. In Barcelona, it is found in streets and squares, as well as in parks and gardens.",Silver birch,"Arbre caducifoli, de capçada arrodonida, originari d'Europa, el nord d'Àsia i el nord d'Àfrica. Les fulles agafen un bonic color groc a la tardor. Floreix a la primavera, amb flors masculines agrupades i de color groc verdós, i flors femenines que donen lloc a infructescències de color marró que maduren a l'estiu. No tolera la sequera. A Barcelona el trobem en carrers i places, així com en parcs i jardins.","Árbol caducifolio, de copa redondeada, originario de Europa, el norte de Asia y el norte de África. Las hojas adquieren un bonito color amarillo en otoño. Florece en primavera, con flores masculinas agrupadas y de color amarillo verdoso, y flores femeninas que dan lugar a infrutescencias de color marrón que maduran en verano. No tolera la sequía. En Barcelona lo encontramos en calles y plazas, así como en parques y jardines.",Bedoll,15,Abedul
2152,Calocedrus decurrens 'Aureovariegata',"A conifer with a columnar crown, native to western North America. It blossoms at the beginning of spring with yellow male cones and yellowish-green female cones, on different branches. The fruit are yellowish-brown or reddish cones which start to ripen at the end of the summer. In Barcelona, the 'Aureovariegata' cultivar is also found.",Incense cedar  'Aureovariegata',"Conífera de capçada columnar, originària de l'oest de l'Amèrica del Nord. La floració es produeix al començament de la primavera, amb cons masculins de color groc i femenins de color verd groguenc, en branques diferents. Els fruits són cons de color marró groguenc o vermellós i comencen a madurar al final de l'estiu. A Barcelona també trobem la cultivar 'Aureovariegata'.","Conífera de copa columnar, originaria del oeste de Norteamérica. La floración se produce a principios de primavera, con conos masculinos de color amarillo y femeninos de color verde amarillento, en ramas diferentes. Los frutos son conos de color marrón amarillento o rojizo y empiezan a madurar a finales del verano. En Barcelona también encontramos el cultivar 'Aureovariegata'.",Calocedre tacat,16,Calocedro matizado
2248,Cupressus sempervirens 'stricta',"This is an evergreen tree with a columnar crown, native to the Mediterranean region. It has dark-green aromatic leaves. It flowers at the end of winter, with yellow male cones and green-grey female cones. Its fruit are dark-brown globular cones that start to ripen in the autumn of the second year.  In Barcelona, it is planted in rows, including streets, paths and roadways, as solitary trees in parks, gardens, squares and cloisters, and in groups for hedges, cut back to various heights, and as windbreaks. In particular, you can find the 'Stricta' cultivar, with a narrow crown, and in some parks horizontalis, with extended branches.",Mediterranean cypress,"Conífera perennifòlia, de capçada columnar, originària de l'est de la regió mediterrània. Les fulles són de color verd fosc i aromàtiques. Floreix al final de l'hivern, amb cons masculins de color groc i femenins de color gris verdós. Els fruits són estròbils globosos de color marró fosc que comencen a madurar a la tardor del segon any.  A Barcelona s'utilitza en alineacions, incloses les de carrers, camins i carreteres, com a exemplars aïllats en parcs, jardins, places i claustres, en grups, en tanques vegetals retallades de diverses alçàries i com a tallavent. Podem trobar, sobretot, la cultivar 'Stricta', de capçada estreta, i en alguns parcs la forma horizontalis, de branques esteses.","Conífera perennifolia, de copa columnar, originaria del este de la región mediterránea. Las hojas son de color verde oscuro y aromáticas. Florece al final del invierno, con conos masculinos de color amarillo y femeninos de color gris verdoso. Los frutos son estróbilos globosos de color marrón oscuro que empiezan a madurar en otoño del segundo año.  En Barcelona se utiliza en alineaciones, incluidas las de calles, caminos y carreteras, como ejemplares aislados en parques, jardines, plazas y claustros, en grupos, en setos vegetales recortados de varias alturas y como cortavientos. Podemos encontrar, sobre todo, el cultivar 'Stricta', de copa estrecha, y en algunos parques la forma horizontalis, de ramas extendidas.",Xiprer,18,Ciprés
620,Washingtonia filifera,"This is a palm tree with a solitary trunk. It is native to South Eastern California, South Western Arizona and North Western Mexico. It blossoms in spring and in summer, with fragrant creamy-white flowers. It produces blue-black ovoid fruit that appear in the autumn and winter. In Barcelona, it is planted as a street tree and also in parks and gardens.",Petticoat palm,"És una palmera d'estípit simple. Originària del sud-est de Califòrnia, el sud-oest d'Arizona i el nord-oest de Mèxic. Floreix a la primavera i a l'estiu, amb flors oloroses, de color blanc crema. Els fruits són ovoides, de color negre blavenc i maduren a la tardor i a l'hivern. Es planta a Barcelona com a arbre viari i en parcs i jardins.","Es una palmera de estípite simple. Originaria del sureste de California, el suroeste de Arizona y el noroeste de México. Florece en primavera y en verano, con flores olorosas, de color blanco crema. Los frutos son ovoides, de color negro azulado, y maduran en otoño y en invierno. Se planta en Barcelona como árbol viario y en parques y jardines.",Washingtònia de Califòrnia,19,"Washingtonia,  palmera de abanico de California"
2789,Yucca gloriosa var. tristis,"An evergreen shrub, native to North America. It has blue-green, lanceolate leaves that are slightly lax. It blossoms in the summer, with large, bell-shaped flowers that are cream-coloured with red spots on the outside, arranged on the tips of erect spikes.  Its fruit are initially green, turning black with black seeds when ripe. It is used as a species that is resistant to arid soils and prolonged exposure to direct sunlight. In Barcelona, you can find the ecurvifolia variety, which has pendulous leaves, and a cultivar of this variety, 'Variegata', which differs from the others by having creamy-yellow leaf margins. This species is also interesting for its associated fauna, as its flowers attract pollinators.",Curve-leaf yucca,"Arbust perennifoli, originari de Nord-Amèrica. Les fulles són de color verd blavós, lanceolades i lleugerament laxes. Floreix a l'estiu, amb flors grans campanulades, de color crema tacades de vermell a l'exterior, disposades als extrems de tiges erectes.  Els fruits són verds al principi, i negres quan maduren, amb llavors negres. S'utilitza com a espècie resistent als sòls àrids i molt exposats al sol. A Barcelona trobem la varietat recurvifolia, amb les fulles pèndules; i una cultivar d'aquesta varietat, la cultivar  'Variegata', que es diferencia de les anteriors per tenir el marge de les fulles de color groc cremós. A més, és una espècie interessant per la fauna, ja que les floracions atrauen pol·linitzadors.","Arbusto perennifolio, originario de Norteamérica. Las hojas son de color verde azulado, lanceoladas y ligeramente laxas. Florece en verano, con flores grandes campanuladas, de color crema, manchadas de rojo en el exterior, dispuestas en los extremos de tallos erectos.  Los frutos son verdes al principio y negros cuando maduran, con semillas negras. Se utiliza como especie resistente a los suelos áridos y muy expuestos al sol. En Barcelona encontramos la variedad recurvifolia, con las hojas péndulas, y un cultivar de esta variedad, 'Variegata', que se diferencia de los anteriores por tener el borde de las hojas de color amarillo cremoso. Además, es una especie interesante para la fauna, ya que las floraciones atraen polinizadores.",Iuca de fulla recurvada,20,Yuca de hojas recorvadas
5248690,Ulmus RESISTA® 'New Horizon',"This is a deciduous tree with a round crown. It is a horticultural hybrid, obtained in Japan. Its blossom appears in March, before the leaves sprout, and it is not ornamental. Neither are the fruit, which ripen in April. This tree is resistant to Dutch Elm Disease, something that has destroyed most European elms. Another elm that is resistant to Dutch Elm Disease has recently been marketed: Ulmus 'New Horizon' Resista®, obtained in the United States.",Elm 'New Horizon' RESISTA®,"Arbre caducifoli, de capçada arrodonida. Hortícola, d'origen híbrid obtingut al Japó. Les flors apareixen al març, abans que brotin les fulles noves, i no són ornamentals, com tampoc no ho són els fruits, que maduren durant el mes d'abril. Aquest arbre és resistent a la grafiosi de l'om, una malaltia que ha destruït la gran majoria dels oms europeus. Recentment s'ha introduït en el mercat un altre om resistent a la grafiosi, l'Ulmus 'New Horizon' Resista®, obtingut als Estats Units.","Árbol caducifolio, de copa redondeada. Hortícola, de origen híbrido, obtenido en Japón. Las flores aparecen en marzo, antes de que broten las hojas nuevas, y no son ornamentales, como tampoco lo son los frutos, que maduran durante el mes de abril. Este árbol es resistente a la grafiosis del olmo, una enfermedad que ha destruido la gran mayoría de los olmos europeos. Recientemente se ha introducido en el mercado otro olmo resistente a la grafiosis, Ulmus 'New Horizon' Resista®, obtenido en los Estados Unidos.",Om híbrid 'New Horizon' RESISTA®,21,Olmo  híbrido 'New Horizon' RESISTA®
5286542,Cercidiphyllum japonicum,"This is a deciduous tree with a conical crown. It is native to Japan. Its leaves smell a bit like caramel. It blossoms at the beginning of spring, with purple flowers. The fruit form in the autumn and remain on the tree all winter. They are brown with winged seeds. It is commonly found in streets and squares.",Katsura,"És un arbre caducifoli, de capçada cònica. Originari del Japó. Les fulles fan una olor característica de sucre cremat. Floreix al principi de la primavera, amb flors de color porpra. Els fruits es formen a la tardor i romanen a l'arbre tot l'hivern; són de color marró amb les llavors alades. S'utilitza comunament com a arbre de carrer i places.","Es un árbol caducifolio, de copa cónica. Originario de Japón. Las hojas desprenden un característico olor a azúcar quemado. Florece al principio de la primavera, con flores de color púrpura. Los frutos se forman en otoño y se mantienen en el árbol todo el invierno; son de color marrón, con las semillas aladas. Se utiliza habitualmente como árbol de calle y plaza.",Arbre de Katsura,22,Árbol de Katsura
2045,Agonis flexuosa,"An evergreen tree with a round crown, native to Western Australia. Its leaves emit a strong aroma of peppermint when crushed. It blossoms from August to December, with spikes of small white flowers. Its fruit is a small capsule containing thousands of tiny seeds. It is widely used as an ornamental tree in parks and gardens, as well as in squares and streets.",Western Australian peppermint,"Arbret perennifoli de capçada arrodonida, originari de l'Austràlia occidental. Les fulles desprenen una forta olor a menta si s'aixafen. Floreix des d'agost fins desembre, amb petites flors blanques agrupades en espigues. El fruit és una petita càpsula amb milers de llavors, encara més petites, a l'interior. És un arbre que s'ha utilitzat molt com a espècie ornamental en parcs i jardins i en places i carrers.","Arbolillo perennifolio, de copa redondeada, originario de Australia occidental. Las hojas desprenden un fuerte olor a menta si se machacan. Florece de agosto a diciembre, con pequeñas flores blancas agrupadas en espigas. El fruto es una pequeña cápsula con miles de semillas, aún más pequeñas, en su interior. Es un árbol que se ha utilizado mucho como especie ornamental en parques y jardines y en plazas y calles.",Arbre de la menta,23,Sauce australiano
1655,Stranvaesia nussia,"This is an evergreen tree with an irregular crown. It is native to the Himalayas and South Eastern Asia. It blossoms in July, with more or less small, unattractive white flowers. It produces small, unattractive, reddish-orange globular fruit. It is normally planted because of its resistance to heat and humidity, and because it adapts well to sloping land.",Himalayan Photinia,"És un arbre perennifoli, de capçada irregular. Originari de l'Himàlaia i del sud-est d'Àsia. Floreix al juliol, amb flors blanques, més o menys petites i poc vistoses. Els fruits són globosos, també petits i poc vistosos, de color taronja vermellós. Es planta normalment per la seva tolerància a la calor i la humitat i perquè s'adapta bé en terrenys inclinats.","Es un árbol perennifolio, de copa irregular. Originario del Himalaya y del sureste de Asia. Florece en julio, con flores blancas, más o menos pequeñas y poco vistosas. Los frutos son globosos, también pequeños y poco vistosos, de color naranja rojizo. Se planta normalmente por su tolerancia al calor y la humedad y porque se adapta bien a terrenos inclinados.",Estranvaèsia de l'Himàlaia,24,Estranvaesia del Himalaya
2172,Celtis sinensis,"This is a deciduous tree with a round crown. It is native to China, Korea and Japan. It blossoms at the beginning of spring, with small, individual greenish-yellow flowers. It produces globular orange berries that ripen in the autumn and are edible. It is a relatively slow-growing tree, a characteristic that makes it ideal for planting in streets and squares.",Chinese hackberry,"És un arbre caducifoli, de capçada arrodonida. Originari de la Xina, Corea i el Japó. Floreix al principi de la primavera, amb petites flors individuals de color groc verdós. Els fruits són baies globoses, comestibles i de color taronja, que maduren a la tardor. És un arbre de creixement relativament lent, una característica que el fa molt adient per a arbrat de carrer i places.","Es un árbol caducifolio, de copa redondeada. Originario de China, Corea y Japón. Florece al principio de la primavera, con pequeñas flores individuales de color amarillo verdoso. Los frutos son bayas globosas, comestibles y de color naranja, que maduran en otoño. Es un árbol de crecimiento relativamente lento, una característica que lo hace muy adecuado para arbolado de calle y plaza.",Lledoner de la Xina,25,Almez de China
1281,Cupressus sempervirens f. horizontalis,"This is an evergreen tree with a columnar crown, native to the Mediterranean region. It has dark-green aromatic leaves. It flowers at the end of winter, with yellow male cones and green-grey female cones. Its fruit are dark-brown globular cones that start to ripen in the autumn of the second year.  In Barcelona, it is planted in rows, including streets, paths and roadways, as solitary trees in parks, gardens, squares and cloisters, and in groups for hedges, cut back to various heights, and as windbreaks. In particular, you can find the 'Stricta' cultivar, with a narrow crown, and in some parks horizontalis, with extended branches.",Mediterranean cypress  'Horizontalis',"Conífera perennifòlia, de capçada columnar, originària de l'est de la regió mediterrània. Les fulles són de color verd fosc i aromàtiques. Floreix al final de l'hivern, amb cons masculins de color groc i femenins de color gris verdós. Els fruits són estròbils globosos de color marró fosc que comencen a madurar a la tardor del segon any.  A Barcelona s'utilitza en alineacions, incloses les de carrers, camins i carreteres, com a exemplars aïllats en parcs, jardins, places i claustres, en grups, en tanques vegetals retallades de diverses alçàries i com a tallavent. Podem trobar, sobretot, la cultivar 'Stricta', de capçada estreta, i en alguns parcs la forma horizontalis, de branques esteses.","Conífera perennifolia, de copa columnar, originaria del este de la región mediterránea. Las hojas son de color verde oscuro y aromáticas. Florece al final del invierno, con conos masculinos de color amarillo y femeninos de color gris verdoso. Los frutos son estróbilos globosos de color marrón oscuro que empiezan a madurar en otoño del segundo año.  En Barcelona se utiliza en alineaciones, incluidas las de calles, caminos y carreteras, como ejemplares aislados en parques, jardines, plazas y claustros, en grupos, en setos vegetales recortados de varias alturas y como cortavientos. Podemos encontrar, sobre todo, el cultivar 'Stricta', de copa estrecha, y en algunos parques la forma horizontalis, de ramas extendidas.",Xiprer horitzontal,26,Ciprés horizontal
1615,Ulmus 'Dodoens',"This is a deciduous tree with an extensive conical crown. It is a horticultural hybrid of Ulmus glabra 'Exoniensis' and U. wallichiana, obtained around 1960 in the Netherlands. It blossoms in March and April, before the new leaves appear, with green flowers of little ornamental interest. The fruit, which ripen in May, also lack ornamental interest. Although it may have difficulty in adapting, it is planted in parks and gardens and as a street tree.",Elm 'Dodoens',"És un arbre caducifoli, de capçada amplament cònica. D'origen hortícola, híbrid entre Ulmus glabra 'Exoniensis' i U. wallichiana, obtingut cap al 1960 als Països Baixos. Les flors apareixen durant els mesos de març i abril, abans de brotar les fulles noves, i són de color verdós i amb poc interès ornamental; tampoc no en tenen els fruits, que maduren durant el mes de maig. Tot i que pot presentar dificultats d'adaptació, es planta en parcs i jardins i com a arbre viari.","Es un árbol caducifolio, de copa ampliamente cónica. De origen hortícola, híbrido entre Ulmus glabra 'Exoniensis' y U. wallichiana, obtenido hacia 1960 en los Países Bajos. Las flores aparecen durante los meses de marzo y abril, antes de que broten las hojas nuevas, y son de color verdoso y con poco interés ornamental; tampoco tienen los frutos, que maduran durante el mes de mayo. Aunque puede presentar dificultades de adaptación, se planta en parques y jardines y como árbol viario.",Om d'Holanda,27,Olmo híbrido holandés
636,Yucca gigantea,"This is a multi-trunked, tree-like plant. It is native to Mexico and Central America. It blossoms between July and September, with ivory-white or creamy-white flowers. It produces black berries. It is used in gardening and interior gardening. It is also used for garden hedges and in median strips.",Elephant yucca,"És una planta agaviforme arborescent. Originària de Mèxic i l'Amèrica central. Floreix entre els mesos de juliol i setembre, amb flors de color blanc ivori o cremós. Els fruits són baies de color negrós. S'utilitza en jardineria i en jardineria d'interior. També s'utilitza per fer tanques vives de jardí i en mitjanes.","Es una planta agaviforme arborescente. Originaria de México y Centroamérica. Florece entre los meses de julio y setiembre, con flores de color blanco marfil o cremoso. Los frutos son bayas de color negruzco. Se utiliza en jardinería y en jardinería de interior. También se utiliza para hacer setos vivos de jardín y en medianas.",Iuca peu d'elefant,28,Yuca pie de elefante
5286567,Rhaphiolepis indica,"An evergreen shrub with a rounded habit, native to Southern China. More or less elongated leaves, ranging from bronze-coloured to dark green. It blossoms from winter to late spring, with small, very attractive clusters of fragrant white star-shaped flowers tinged with pink. It bears fleshy violet-black drupes that ripen in late autumn. It is very resistant to cold and heat. It is used for making hedges, for its attractive winter foliage. Its fruit are also a food source for birds that spend the winter in Barcelona.",Indian hawthorn,"Arbust perennifoli, de port arrodonit, originari del sud de la Xina. Fulles més o menys allargades, amb tons que van del bronze fins al color verd fosc. Floreix des de l'hivern fins a finals de primavera, en ramellets de flors blanques amb tons rosats, perfumades, estrellades i molt vistoses. Els fruits són drupes carnoses, de color negre violaci, que maduren a finals de tardor. Espècie molt resistent al fred i a la calor. S'utilitza en la creació de tanques vegetals pel seu fullatge vistós durant l'hivern. A més, els seus fruits serveixen d'aliment als ocells que passen l'hivern a Barcelona.","Arbusto perennifolio, de porte redondeado, originario del sur de China. Hojas más o menos alargadas, con tonos que van del bronce hasta el color verde oscuro. Florece desde el invierno hasta finales de primavera, en ramilletes de flores blancas con tonos rosados, perfumadas, estrelladas y muy vistosas. Los frutos son drupas carnosas, de color negro violáceo, que maduran a finales de otoño. Especie muy resistente al frío y al calor. Se utiliza en la creación de setos vegetales por su follaje vistoso durante el invierno. Además, sus frutos sirven de alimento a los pájaros que pasan el invierno en Barcelona.",Rafiolepis de la Xina,29,Manzanillo
865,Acer pseudoplatanus 'Atropurpureum',"This is a deciduous tree with an ovoid crown. It is native to Europe. In the autumn, Its leaves turn an unspectacular yellow. It blossoms in the middle of spring, with small, greenish-yellow flowers. It produces brownish-green fruit, which start to ripen at the end of the summer. It is planted as a street tree and as a shade tree in parks. In some places, it is also used as a windbreak. Some cultivars have also been planted, including 'Atropurpureum', with leaves that are dark green on the upper surface and dark purple on the lower.",Sycamore maple,"És un arbre caducifoli, de capçada ovoidal. Originari d'Europa. A la tardor, les fulles es tornen d'un color groc no gaire espectacular. Floreix a mitjan primavera, amb flors petites, de color groc verdós. Els fruits, que comencen a madurar al final de l'estiu, són de color verd marronós. S'utilitza en jardineria com a arbre viari i com a arbre d'ombra en parcs. En alguns llocs també s'utilitza com a tallavent. També es planten algunes cultivars com l''Atropurpureum', amb fulles d'anvers de color verd fosc i revers de color porpra fosc.","Es un árbol caducifolio, de copa ovoidal. Originario de Europa. En otoño, las hojas se tornan de un color amarillo no muy espectacular. Florece a mediados de primavera, con flores pequeñas, de color amarillo verdoso. Los frutos, que empiezan a madurar a finales de verano, son de color verde amarronado. Se utiliza en jardinería como árbol viario y como árbol de sombra en parques. En algunos sitios también se utiliza como cortavientos. También se plantan algunos cultivares como el 'Atropurpureum', con hojas de anverso de color verde oscuro y reverso de color púrpura oscuro.",Auró sicamoro,30,Arce sicómoro
66,Phytolacca dioica,"This is a semi-evergreen tree, although it behaves like a deciduous tree in Barcelona, except in the mildest winters. It is native to southern South America and has an extensive round crown. It blossoms in June, with creamy-white flowers grouped in racemes. It produces light-brown fruit. It is used as a shade tree in parks or large gardens, but is also planted in avenues, boulevards and squares.",Phytolacca,"És un arbre semiperennifoli -encara que a Barcelona es comporta com a caducifoli, excepte els anys d'hiverns més suaus-, originari del sud de l'Amèrica del Sud, de capçada estesa arrodonida. Floreix al mes de juny, amb flors de color blanc crema agrupades en raïms. Els fruits són de color marró clar. S'utilitza en jardineria com arbre d'ombra, en parcs o grans jardins, però també en passeigs, avingudes i places.","Es un árbol semiperennifolio -aunque en Barcelona se comporta como caducifolio, excepto en los años de inviernos más suaves-, originario del sur de Suramérica, de copa extendida redondeada. Florece en junio, con flores de color blanco crema agrupadas en racimos. Los frutos son de color marrón claro. Se utiliza en jardinería como árbol de sombra, en parques o grandes jardines, pero también en paseos, avenidas y plazas.",Bellaombra,31,Ombú
2327,Ficus maclellandii 'Alii',"A small evergreen tree, native to the temperate regions of Asia. It has long, thin pendulous leaves that are very ornamental. It blossoms in spring, with small, inconspicuous flowers that may pass unnoticed. Its pale green fruit appear after the flowering. It is used as an ornamental in plant pots and interiors, and also in cities, for its tolerance to various environmental conditions.",Narrow-leaf fig,"Arbret perennifoli, originari de les regions temperades de l'Àsia. Les seves fulles són llargues, primes i pèndules, molt ornamentals. Floreix a la primavera, amb flors poc vistoses que poden passar desapercebudes. Després de la floració apareix el fruit, de color verd pàl·lid. S'utilitza com a planta ornamental en testos i espais interiors, i també en ciutats, per la seva resistència a condicions ambientals diverses.","Arbolillo perennifolio, originario de las regiones templadas de Asia. Sus hojas son largas, delgadas y péndulas, muy ornamentales. Florece en primavera, con flores poco vistosas que pueden pasar desapercibidas. Después de la floración aparece el fruto, de color verde pálido. Se utiliza como planta ornamental en tiestos y espacios interiores, y también en ciudades, por su resistencia a condiciones ambientales diversas.",Figuera de fulla estreta,32,Higuera de hojas estrechas
2605,Podocarpus macrophyllus,"An evergreen conifer with a tree-like habit, native to Eastern Asia. It can grow to a height of ten metres. It has bright and dark green, linear leaves. When the cones ripen, the scales become red or purple fleshy berries with the seed inside.",Yew plum pine,"Conífera perennifòlia i de port arbori, originària de l'est d'Àsia. Pot arribar a assolir fins els deu metres d'alçada. Les fulles són linears i de color verd viu i fosc. Quan els cons maduren, les escames es converteixen en baies carnoses, de color vermell o porpre, amb la llavor a l'inerior.","Conífera perennifolia y de porte arbóreo, originaria del este de Asia. Puede llegar a alcanzar los 10 metros de altura. Las hojas son lineales y de color verde vivo y oscuro. Cuando los conos maduran, las escamas se convierten en bayas carnosas, de color rojo o púrpura, con la semilla en el interior.",Podocarp del Japó,49,Podocarpo del Japón
2622,Punica granatum 'Legrelleae',"A deciduous shrub or tree, with an irregular habit, native to a region extending from South-east Europe to the Himalayas. It has glossy yellowish-green leaves that turn shades of orange in the autumn. It blossoms from late spring to mid-summer, with scarlet-red flowers. Its fruit are pomegranates. There are three cultivars in Barcelona: 'Legrelleae', with pink double flowers that have yellowish-white stripes; 'Nana', with scarlet flowers and smaller fruit; and 'Pleniflora', with red double flowers.",Pomegranate,"Arbre o arbust caducifoli, de port irregular, originari de la regió que abarca des del sud-est d'Europa fins l'Himàlaia. Les fulles són de color verd groguenc, brillant, que canvien a tons taronjosos a la tardor. Floreix des de finals de primavera fins a mitjans d'estiu, amb flors de color vermell escarlata. Els fruits són les magranes. A Barcelona trobem la cultivar 'Legrelleae', amb les flors dobles, de colors rosats i amb les vores de color blanc grogós; la cultivar 'Nana', amb les flors de color escarlata i els fruits més petits; i la cultivar 'Pleniflora', de flors dobles i color vermell.","Árbol o arbusto caducifolio, de porte irregular, originario de la región que abarca desde el sureste de Europa hasta el Himalaya. Las hojas son de color verde amarillento brillante, y cambian a tonos anaranjados en otoño. Florece desde finales de primavera hasta mediados de verano, con flores de color rojo escarlata. Los frutos son las granadas. En Barcelona encontramos el cultivar 'Legrelleae', con las flores dobles, de colores rosados y con los bordes de color blanco amarillento; el cultivar 'Nana', con las flores de color escarlata y los frutos más pequeños, y el cultivar 'Pleniflora', de flores dobles y color rojo.",Magraner,33,Granado
238,Quercus ilex,"This is an evergreen tree with an ovoid crown. It is native to the Mediterranean region. It blossoms in April and May, with tiny yellowish flowers. It produces dark-brown acorns that ripen in the autumn of the same year.  A very similar species is also grown, the short-leaved holm oak, Q. rotundifolia, often subordinated to the holm oak named Q. ilex subsp. ballota, found in areas with a more continental, arid climate than the holm oak, in the western part of the Mediterranean region; it is distinguished by its round crown, with shorter grey-green leaves and sweet, edible acorns. It is very commonly used as a shade tree in Barcelona, planted in squares, wide avenues, parks and embankments.",Holm oak,"Arbre perennifoli, de capçada ovoidal, originari de la regió mediterrània. Floreix entre els mesos d'abril i maig, amb flors molt petites i groguenques. Els fruits són glans de color marró fosc que maduren a la tardor del mateix any.  També se'n cultiva una espècie molt semblant, la carrasca o alzina de fulla curta, Q. rotundifolia, sovint subordinada a l'alzina de nom Q. ilex subsp. ballota, pròpia de zones de clima més continental i més àrid que l'alzina, de l'oest de la regió mediterrània, que es distingeix per la seva capçada arrodonida, amb fulles més curtes, de color verd grisenc, i unes glans dolces, comestibles. A Barcelona és un arbre molt utilitzat com a arbre d'ombra, plantat en places, passeigs amples, parcs i talussos.","Árbol perennifolio, de copa ovoidal, originario de la región mediterránea. Florece entre los meses de abril y mayo, con flores muy pequeñas y amarillentas. Los frutos son bellotas de color marrón oscuro que maduran en otoño del mismo año.  También se cultiva una especie muy parecida, la carrasca o encina de hoja corta, Q. rotundifolia, con frecuencia subordinada a la encina de nombre Q. ilex subsp. ballota, propia de zonas de clima más continental y más árido que la encina, del oeste de la región mediterránea, que se distingue por su copa redondeada, con hojas más cortas, de color verde grisáceo, y unas bellotas dulces, comestibles. En Barcelona es muy utilizado como árbol de sombra, plantado en plazas, paseos anchos, parques y taludes.",Alzina,34,Encina
2690,Sapindus mukorossi,"A deciduous tree with a rounded crown, native to the Himalayas. It has leaves that can grow up to half a metre long. It blossoms in the summer, with racemes of small greenish-white flowers. Its fruit appear between July and August, turning yellowish brown when they ripen in November and December. It is used as an ornamental tree and also as a biological control, as it repels certain insects, such as mosquitoes.",Indian Soapberry,"Arbre de fulla caduca i de capçada arrodonida, originari de l'Himàlaia. Presenta fulles que poden arribar al mig metre de llargada. Floreix durant l'estiu, amb flors petites de color blanc verdós, agrupades en raïms. El fruit apareix entre juliol i agost, i madura entre novembre i desembre, de color marró groguenc. S'utilitza com a planta ornamental i també com a control biològic, ja que actua com a repel·lent d'alguns insectes, com per exemple el mosquit.","Árbol de hoja caduca y de copa redondeada, originario del Himalaya. Presenta hojas que pueden llegar a 1,5 metros de longitud. Florece durante el verano, con flores pequeñas de color blanco verdoso agrupadas en racimos. El fruto aparece entre julio y agosto, y madura entre noviembre y diciembre; es de color marrón amarillento. Se utiliza como planta ornamental y también como control biológico, ya que actúa como repelente de algunos insectos, como por ejemplo el mosquito.",Arbre del sabó de la Xina,35,Jaboncillo de China
2698,Schinus areira,"This is an evergreen tree, native to the southern and western parts of South America. It has a round or extensive crown. The leaves have a strong smell. It blossoms between June and September, with yellow or creamy-white flowers. Its red or pink fruit are aromatic and start to ripen in August, remaining on the tree until December; they are edible, with a pepper-like flavour. Most of the S. molle trees planted in Barcelona belong to the variety S. molle var. areira (or S. areira). It is commonly used in Mediterranean gardening. Its fruit has been used as a substitute for pepper and an essential oil used in perfumery is extracted from its leaves and bark.",Pepper tree var. areira,"És un arbre perennifoli, originari del sud i l'oest de l'Amèrica del Sud, de capçada arrodonida o estesa. Les fulles fan una olor forta. Floreix entre els mesos de juny i setembre, amb flors groguenques o de color blanc cremós. Els fruits són aromàtics i de color vermellós o rosat; comencen a madurar a l'agost i romanen a l'arbre fins al desembre; són comestibles, amb un sabor que recorda el pebre. La major part d'arbres S. molle plantats a Barcelona pertanyen a la varietat S. molle var. areira (o S. areira). És un arbre molt usat en jardineria mediterrània. S'han usat els fruits com a succedani del pebre i, de les fulles i l'escorça, se n'extreu un oli essencial emprat en perfumeria.","Es un árbol perennifolio, originario del sur y el oeste de Suramérica, de copa redondeada o extendida. Las hojas desprenden un olor fuerte. Florece entre los meses de junio y setiembre, con flores amarillentas o de color blanco cremoso. Los frutos son aromáticos, de color rojizo o rosado, empiezan a madurar en agosto y permanecen en el árbol hasta diciembre; son comestibles, con un sabor que recuerda a la pimienta. La mayor parte de árboles S. molle plantados en Barcelona pertenecen a la variedad S. molle var. areira (o S. areira). Es un árbol muy usado en jardinería mediterránea. Se han usado sus frutos como sucedáneo de la pimienta, y de las hojas y la corteza se extrae un aceite esencial utilizado en perfumería.",Pebrer bord comú,36,Molle de Bolivia
2708,Senna spectabilis,"An evergreen shrub, native to Central and South America. It has long, slender leaves which are covered in a fine layer of hairs when young. It blossoms in summer, with racemes of bright yellow flowers. It bears elongated seedpods that are up to thirty centimetres long.",Spectacular cassia,"Arbust perennifoli, originari d'Amèrica Central i del Sud. Les fulles són primes i llargues, cobertes d'una fina capa de pèls quan són joves. Floreix a l'estiu, amb raïms de flors de color groc brillant. Els fruits són beines allargades, de fins a trenta centímetres de llarg.","Arbusto perennifolio, originario de Centroamérica y Suramérica. Las hojas son delgadas y largas, cubiertas de una fina capa de pelos cuando son jóvenes. Florece en verano, con racimos de flores de color amarillo brillante. Los frutos son vainas alargadas, de hasta 30 centímetros de largo.",Càssia noble,37,Carnaval
5287151,Copernicia alba,,,,,Caranday,38,Caranday
864,Acer pseudoplatanus,"This is a deciduous tree with an ovoid crown. It is native to Europe. In the autumn, Its leaves turn an unspectacular yellow. It blossoms in the middle of spring, with small, greenish-yellow flowers. It produces brownish-green fruit, which start to ripen at the end of the summer. It is planted as a street tree and as a shade tree in parks. In some places, it is also used as a windbreak. Some cultivars have also been planted, including 'Atropurpureum', with leaves that are dark green on the upper surface and dark purple on the lower.",Sycamore,"És un arbre caducifoli, de capçada ovoidal. Originari d'Europa. A la tardor, les fulles es tornen d'un color groc no gaire espectacular. Floreix a mitjan primavera, amb flors petites, de color groc verdós. Els fruits, que comencen a madurar al final de l'estiu, són de color verd marronós. S'utilitza en jardineria com a arbre viari i com a arbre d'ombra en parcs. En alguns llocs també s'utilitza com a tallavent. També es planten algunes cultivars com l''Atropurpureum', amb fulles d'anvers de color verd fosc i revers de color porpra fosc.","Es un árbol caducifolio, de copa ovoidal. Originario de Europa. En otoño, las hojas se tornan de un color amarillo no muy espectacular. Florece a mediados de primavera, con flores pequeñas, de color amarillo verdoso. Los frutos, que empiezan a madurar a finales de verano, son de color verde amarronado. Se utiliza en jardinería como árbol viario y como árbol de sombra en parques. En algunos sitios también se utiliza como cortavientos. También se plantan algunos cultivares como el 'Atropurpureum', con hojas de anverso de color verde oscuro y reverso de color púrpura oscuro.",Plàtan fals,39,"Falso plátano,  arce blanco"
107,Pinus pinaster,"This is an evergreen conifer with a conical crown. It is native to South and South Eastern Europe and North Western Africa. It blossoms from April to May, with small yellowish-brown male flowers and small female flowers forming green cones. It produces glossy light-brown pine cones that ripen in the autumn of the second year. Although it has difficulty in adapting, it is planted in parks and gardens and as a street tree in Barcelona.",Maritime pine,"És una conífera perennifòlia, de capçada cònica. Originària del sud i el sud-est d'Europa i del nord-oest d'Àfrica. Floreix entre els mesos d'abril i maig, amb flors petites, les masculines de color marró groguenc i les femenines formant cons verds. Els fruits són pinyes de color marró clar brillant que maduren a la tardor del segon any. Tot i la seva dificultat d'adaptació, es planta a Barcelona en parcs i jardins i com a arbre viari.","Es una conífera perennifolia, de copa cónica. Originaria del sur y el sureste de Europa y del noroeste de África. Florece entre los meses de abril y mayo, con flores pequeñas; las masculinas, de color marrón amarillento, y las femeninas, formando conos verdes. Los frutos son piñas de color marrón claro brillante que maduran en otoño del segundo año. A pesar de su dificultad de adaptación, se planta en Barcelona en parques y jardines y como árbol viario.",Pinastre,40,Pino rodeno
2192,Chamaedorea elegans,"A small evergreen palm tree, native to the region extending from Mexico to Guatemala. It blossoms from autumn to summer, with tiny yellow flowers grouped in flower spikes. It produces black fruit that appear in the autumn. It is used as an ornamental indoor and outdoor plant. It is one of the few palm trees that can grow without direct sunlight.",Dwarf mountain palm,"Palmera arbustiva, perennifòlia, originària de la regió que va de Mèxic fins a Guatemala. Floreix des de la tardor fins a l'estiu, amb flors grogues diminutes, agrupades en espigues. El fruit és de color negre i surt a la tardor. S'utilitza com a planta ornamental, tant a l'exterior com a l'interior. És de les poques palmeres que pot créixer bé sense llum directa.","Palmera arbustiva, perennifolia, originaria de la región que se extiende de México a Guatemala. Florece desde otoño hasta verano, con diminutas flores amarillas, agrupadas en espigas. El fruto es de color negro y sale en otoño. Se utiliza como planta ornamental, tanto en el exterior como en el interior. Es de las pocas palmeras que puede crecer bien sin luz directa.",Palmera de saló,41,Palmera de salón
2292,Erythrina lysistemon,"A deciduous tree with a more or less rounded crown, native to Africa. It blossoms in spring, before its new leaves sprout, with scarlet-red tubular flowers. Its fruit are pseudo-woody legumes, which open while still on the tree, exposing scarlet-red seeds that have a black stripe. It is planted as an ornamental tree. It is a species of interest for its associated fauna, as its flowers attract pollinators, its fruit attract birds and it also provides a habitat for various species.",Common coral tree,"Arbre caducifoli, de capçada més o menys arrodonida, originari de l'Àfrica. Floreix a la primavera, abans que surtin les fulles, amb flors de color vermell escarlata, de forma tubular. El fruit és un llegum quasi llenyós, que s'obre quan encara és a l'arbre, amb llavors de color vermell escarlata i amb un fil negre. Es planta com a arbre ornamental. És una espècie interessant per la fauna ja que la seva floració atrau pol·linitzadors, els seus fruits atrauen ocells i, a més, ofereix hàbitat per diverses espècies.","Árbol caducifolio, de copa más o menos redondeada, originario de África. Florece en primavera, antes de que broten las hojas, con flores de color rojo escarlata, de forma tubular. El fruto es una legumbre casi leñosa, que se abre cuando todavía está en el árbol, con semillas de color rojo escarlata y con un hilo negro. Se planta como árbol ornamental. Es una especie interesante para la fauna, ya que su floración atrae polinizadores, sus frutos atraen pájaros y, además, ofrece hábitat para diversas especies.",Arbre del coral de Transvaal,42,Árbol del coral de Transvaal
2336,Fraxinus angustifolia 'Raywood',"This is a deciduous tree with an ovoid crown. It is native to Southern Europe, Western Asia and North Africa. It blossoms in February and March, with brownish-green flowers that are of no ornamental interest. It bears brownish-green samaras that ripen at the end of the summer. In Barcelona, it is planted as a street tree in squares and avenues, and as a shade tree in parks. The 'Raywood' cultivar, obtained in Australia, is also found. It differs in the autumn colouring of its leaves, which are purple, and because it does not bear fruit.",Narrow-leaved ash,"Arbre caducifoli, de capçada ovoidal, originari del sud d'Europa, l'oest d'Àsia i el nord d'Àfrica. Floreix del febrer al març, amb flors de color verd marronós, sense interès ornamental. Els fruits són sàmares de color verd marronós que maduren al final de l'estiu. A Barcelona s'utilitza com a arbre viari en carrers i passeigs, i com a arbre d'ombra en parcs. Hi ha també la cultivar 'Raywood', obtinguda a Austràlia, que es diferencia per la coloració tardorenca del seu fullatge, de color porpra, i per no fer fruits.","Árbol caducifolio, de copa ovoidal, originario del sur de Europa, el oeste de Asia y el norte de África. Florece de febrero a marzo, con flores de color verde amarronado, sin interés ornamental. Los frutos son sámaras de color verde amarronado que maduran al final del verano. En Barcelona se utiliza como árbol viario en calles y paseos, y como árbol de sombra en parques. Existe también el cultivar 'Raywood', obtenido en Australia, que se diferencia por la coloración otoñal de su follaje, de color púrpura, y por no dar frutos.",Freixe de fulla petita,43,"Fresno de hoja estrecha,  fresno de la tierra"
1621,Fraxinus berlandieriana,"A deciduous tree with a round crown, native to Southeast of the United States and the North of Mexico. It blossoms in the spring, with tiny purple flowers. It bears brownish-green samaras that ripen at the end of the summer or the beginning of autumn. In Barcelona, it is planted in squares and parks. It is of interest as a shade tree for his abundant crown. It is of interest as an ornamental tree, for his yellow leaves in autumn. The fruits are a food source for some birds.",Red ash,"Espècie caducifòlia, de capçada arrodonida, originària del sud-est dels Estats Units i el nord de Mèxic. Floreix a la primavera, les seves flors són diminutes i de color porpra. Els fruits són sàmares de color verd marronós, que maduren a finals d'estiu o a començament de tardor. A Barcelona s'utilitza sobretot en places i parcs. Té interès com a arbre d'ombra, pel seu port i la seva abundant capçada; també com a arbre ornamental, sobretot pel color groc del seu fullatge a la tardor. A més, els seus fruits serveixen d'aliment per a diferents espècies d'ocells.","Especie caducifolia, de copa redondeada, originaria del sudeste de los Estados Unidos y el norte de México. Florece en primavera, sus flores son diminutas y de color púrpura. Los frutos son sámaras de color verde amarronado, que maduran a finales de verano o comienzo de otoño. En Barcelona se utiliza sobre todo en plazas y parques. Tiene interés como árbol de sombra, por su porte y su abundante copa; también como árbol ornamental, sobretodo por el color amarillo de su follaje en otoño. Además, sus frutos sirven de alimento para diferentes especies de aves.",Freixe de Pennsilvània,44,Fresno de Pensilvania
199,Prunus spinosa,"A deciduous shrub or subshrub native to Europe and Western Asia. It blossoms abundantly throughout April, before its new leaves appear, with white flowers. It bears blue-black globular fruit, and while they are edible, they have an astringent taste. Its flowers attract pollinators, it is a food plant for the southern swallowtail butterfly (Iphiclides feisthamelii) and its fruit is also a food source for birds.",Blackthorn,"Mata o arbust caducifoli, originari d'Europa i l'oest d'Àsia. Floreix de manera abundant al llarg del mes d'abril, abans que surtin les fulles, amb les flors de color blanc. El fruit és globós, de color negre blavós i, tot i que és comestible, té un gust astringent. La seva floració atrau pol·linitzadors, és planta nutrícia de la papallona reina zebrada (Iphiclides feisthamelii) i, a més, els fruits serveixen d'aliment per als ocells.","Mata o arbusto caducifolio, originario de Europa y el oeste de Asia. Florece de manera abundante a lo largo del mes de abril, antes de que broten las hojas, con las flores de color blanco. El fruto es globoso, de color negro azulado y, aunque es comestible, tiene un sabor astringente. Su floración atrae polinizadores; es planta nutricia de la mariposa podalirio ibérica (Iphiclides feisthamelii) y, además, los frutos sirven de alimento a los pájaros.",Aranyoner,45,Endrino
2621,Pterocarya × rehderiana,"A deciduous tree with an irregular, highly branched crown, a hybrid of Pterocarya fraxinifolia and Pterocarya stenoptera, native to Japan and Eastern China. It has dark-green, lobate leaves. It blossoms from March to June, with inconspicuous green flowers. Its fruit appear in the summer, in the form of winged seeds that turn from green to brown as they ripen. It is used as an ornamental tree in parks and gardens and as a shade tree, for its luxuriant foliage.",Wingnut,"Arbre caducifoli, de capçada irregular i molt ramificada, híbrid entre Pterocarya fraxinifolia i Pterocarya stenoptera, i originari del Japó i l'est de la Xina. Les fulles són lobulades i de color verd fosc. Floreix de maig a juny, amb flors de color verd, poc vistoses. Els fruits surten a l'estiu i consisteixen en la pròpia llavor alada, de color verd primer i marronós en madurar. S'utilitza com a arbre ornamental en parcs i jardins i com a arbre d'ombra, per la frondositat del seu fullatge.","Árbol caducifolio, de copa irregular y muy ramificada, híbrido entre Pterocarya fraxinifolia y P. stenoptera, y originario de Japón y el este de China. Las hojas son lobuladas y de color verde oscuro. Florece de mayo a junio, con flores de color verde, poco vistosas. Los frutos salen en verano y consisten en la propia semilla alada, de color verde, primero, y amarronado al madurar. Se utiliza como árbol ornamental en parques y jardines y como árbol de sombra, por la frondosidad de su follaje.",Noguera alada de Rehder,46,Nogal alado de Rehder
2666,Sabal mexicana,"An arborescent evergreen palm tree, native to the southern United States, coastal regions of Mexico, Honduras, El Salvador and Nicaragua. It has large, deep-green palmate leaves with long, spiny petioles. It produces short fragrant racemes of small, white bell-shaped flowers. It bears globular drupes that are dark brown, almost black.",Texas palm,"Palmera arborescent i perennifòlia, originària del sud dels Estats Units d'Amèrica, zones costaneres de Mèxic, Honduras, El Salvador i Nicaragua. Presenta fulles palmades de gran mida, amb pecíols llargs i amb espines, de color verd intens. Les flors són acampanades i petites, de color blanc i agrupades en raïms de curts, aromàtiques. Els fruit són drupes globoses, de color marró fosc quasi negre.","Palmera arborescente y perennifolia, originaria del sur de los Estados Unidos de América, zonas costeras de México, Honduras, El Salvador y Nicaragua. Presenta hojas palmadas de gran tamaño, con peciolos largos y con espinas, de color verde intenso. Las flores son acampanadas y pequeñas, de color blanco, agrupadas en racimos cortos y aromáticas. Los frutos son drupas globosas de color marrón oscuro casi negro.",Sabal de Mèxic,47,Palma de mícharos
485,Syagrus romanzoffiana,"This palm tree is native to North Eastern Argentina, Uruguay, Paraguay and Eastern Brazil. It blossoms almost throughout the year, especially between March and September, with pendulous, very branched inflorescences and creamy-white, yellowish-white or yellow flowers. The fruit, which preferably ripen between August and February, are orange or yellow globular drupes, grouped in racemes; they are edible. Until recently, the species was known by the scientific name of Arecastrum romanzoffianum. In Barcelona, it is planted in streets and squares, as well as in parks and gardens.",Magenta lilly pilly,"Palmera originària del nord-est de l'Argentina, l'Uruguai, el Paraguai i l'est del Brasil. Floreix gairebé durant tot l'any, especialment entre els mesos de març i setembre, amb inflorescències pèndules, molt ramificades i flors de color blanc cremós, blanc groguenc o groc. Els fruits, que maduren preferentment entre els mesos d'agost i febrer, són drupes globoses, agrupades en raïms, comestibles i de color taronja o groc. L'espècie era coneguda fins fa poc amb el nom científic d'Arecastrum romanzoffianum. A Barcelona es planta en carrers i places i en parcs i jardins.","Palmera originaria del noreste de Argentina, Uruguay, Paraguay y el este de Brasil. Florece casi durante todo el año, especialmente entre los meses de marzo y setiembre, con inflorescencias péndulas, muy ramificadas y flores de color blanco cremoso, blanco amarillento o amarillo. Los frutos, que maduran preferentemente entre los meses de agosto y febrero, son drupas globosas, agrupadas en racimos, comestibles y de color naranja o amarillo. La especie era conocida hasta hace poco con el nombre científico de Arecastrum romanzoffianum. En Barcelona se planta en calles y plazas y en parques y jardines.",Cirerer australià,48,Cerezo australiano
2102,Bauhinia forficata,"A deciduous tree with an ovoid or round crown, native to the south-east of South America. It blossoms in the summer, with very attractive white flowers. It produces brown seedpods that ripen in the autumn. It takes its name, pota de vaca [cow foot], from the shape of its bilobulate leaves, which resemble the hoof-print of a cow. It is also known as Bauhinia candicans and Bauhinia grandiflora, although the latter name corresponds to another species that is not grown in our country. In Barcelona, you can also find the subspecies pruinosa.",False caoba subsp. pruinosa,"Arbre caducifoli, de capçada ovoidal o arrodonida, originari del sud-est de l'Amèrica del Sud. Floreix a l'estiu, amb flors molt vistoses, blanques. Els fruits són llegums de color marró que maduren a la tardor. Rep el nom de pota de vaca per la forma de les seves fulles bilobades, que semblen la petjada d'una vaca. És conegut també amb els noms de Bauhinia candicans i de Bauhinia grandiflora, tot i que aquest darrer nom en realitat correspon a una altra espècie no cultivada al nostre país. A Barcelona també trobem la subespècie pruinosa.","Árbol caducifolio, de copa ovoidal o redondeada, originario del sureste de Suramérica. Florece en verano, con flores muy vistosas, blancas. Los frutos son legumbres de color marrón que maduran en otoño. Recibe el nombre de pata de vaca por la forma de sus hojas bilobuladas, que parecen la huella de una vaca. Es conocido también con los nombres de Bauhinia candicans y de Bauhinia grandiflora, aunque este último en realidad corresponde a otra especie no cultivada en nuestro país. En Barcelona también encontramos la subespecie pruinosa.",Pota de vaca,50,"Arbol orquídea,  Pata de buey"
4969269,Cupressus pendula,"This is an evergreen conifer with a more or less conical crown. It is native to South Eastern and Central China. It blossoms at the end of winter, with unattractive yellow female and brown male flowers. The fruit ripens two years after pollination, during the autumn. It produces green to dark grey cones, with black globular seeds; the cones disintegrate when ripe, releasing the seeds. It is normally planted in parks and gardens, due to its dense foliage and drooping branches.",Chinese Weeping Cypress,"És una conífera perennifòlia, de capçada més o menys cònica. Originària del sud-oest i el centre de la Xina. Floreix al final de l'hivern, amb flors poc vistoses, les femenines de color groc i les masculines d'un to marró. Els fruits maduren dos anys després de la pol·linització, durant la tardor. Els fruits són cons de color verd fins a gris fosc, amb llavors globoses de color negre; es desfan a la maduresa i alliberen les llavors. Normalment es planta en parcs i jardins, pel seu fullatge dens i les branques caigudes.","Es una conífera perennifolia, de copa más o menos cónica. Originaria del suroeste y el centro de China. Florece al final del invierno, con flores poco vistosas; las femeninas, de color amarillo, y las masculinas, de un tono marrón. Los frutos maduran dos años después de la polinización, durante el otoño. Los frutos son conos desde color verde hasta gris oscuro, con semillas globosas de color negro; se deshacen en la madurez y liberan las semillas. Normalmente se planta en parques y jardines, por su denso follaje y sus ramas caídas.",Xiprer fúnebre,51,"Cipres funebre,  ciprés fúnebre"
1424,Ficus carica,"It is a deciduous tree with an extensive, irregular crown. It is native to the Mediterranean region and Western Asia. It blossoms in spring, with tiny flowers inside a green syconium; the female flowers become green or dark violet figs, which ripen in the summer and the beginning of autumn. If any parts of the tree are injured, an irritant latex is produced. It is planted as a street tree and also in parks and gardens.",Fig,"És un arbre caducifoli, de capçada estesa i irregular. Originari de la regió mediterrània i de l'oest d'Àsia. Floreix a la primavera, amb flors diminutes dins d'un receptacle de color verdós; les flors femenines es converteixen en figues de color verd o violeta fosc, que maduren a l'estiu i fins al començament de la tardor. De les ferides de qualsevol de les seves parts, en surt un làtex irritant. Es planta com a arbre viari i en parcs i jardins.","Es un árbol caducifolio, de copa extendida e irregular. Originario de la región mediterránea y del oeste de Asia. Florece en primavera, con flores diminutas dentro de un receptáculo de color verdoso; las flores femeninas se convierten en higos de color verde o violeta oscuro, que maduran en verano y hasta comienzos de otoño. De las heridas de cualquiera de sus partes, brota un látex irritante. Se planta como árbol viario y en parques y jardines.",Figuera,52,Higuera
2692,Heptapleurum actinophyllum,"An evergreen tree, native to the rainforests of Northern Australia and New Guinea. It has an upright habit and it is branched at its base, with a dense umbrella-shaped crown of glossy green, palmate leaves. It blossoms in the summer or autumn, with spectacular radial spikes of ruby-red flowers that have cream-coloured stamens, on red stalks. These spikes are found on the upper part of the tree. It's fruit are fleshy red berries.",Queensland umbrella tree,"Arbre perennifoli, originari dels boscos humits del nord d'Austràlia i Nova Guinea. De port dret i molt ramificat a la base, amb una copa densa de fulles palmades en forma de para-sol i de color verd brillant. Floreix a l'estiu o a la tardor,  en espectaculars espigues radiades de flors vermell rubí i estams de color crema, sobre tiges vermelles. Aquestes espigues es disposen a la part superior de la planta. Els fruits són baies carnoses de color vermellós.","Árbol perennifolio, originario de los bosques húmedos del norte de Australia y Nueva Guinea. De porte recto y muy ramificado en la base, con una copa densa de hojas palmadas en forma de parasol y de color verde brillante. Florece en verano o en otoño, con espectaculares espigas radiadas de flores rojo rubí y estambres de color crema sobre tallos rojos. Estas espigas se disponen en la parte superior de la planta. Los frutos son bayas carnosas de color rojizo.",Arbre ombrel·la de Queensland,53,Árbol sombrilla de Queensland
1193,Cordyline australis,"A small evergreen palm tree, native to New Zealand. It blossoms in the summer, with fragrant, creamy-white flowers. Its fruit appear in the autumn, turning from bluish to whitish as they ripen. It is planted as an ornamental tree in parks and gardens, due to its foliage and its low-maintenance. There are various cultivars in Barcelona: 'Atropurpurea', which can be distinguished by its reddish-bronze foliage; 'Marginata' with deep-green and pale-green leaves with reddish edges; 'Purpurea', with purple foliage, and finally 'Variegata', with pale green leaves that have creamy-white stripes.",Cabbage palm,"Palmera petita i perennifòlia, originària de Nova Zelanda. Floreix a l'estiu, amb flors de color crema blanquinós i aromàtiques. El fruit surt a la tardor, primer de color blavós, que es torna blanquinós quan madura. S'utilitza com a planta ornamental en parcs i jardins, pel seu fullatge i pel seu baix requeriment en manteniment. A Barcelona trobem diverses cultivars: a cultivar 'Atropurpurea', que es diferencia pel fullatge d'un to vermellós bronze;  la cultivar 'Marginata' amb fulles de color verd intens i verd pàl·lid amb la vora vermellosa; la cultivar 'Purpurea' amb fullatge porpre; i finalment, la cultivar 'Variegata' amb les fulles de color verd pàl·lid i estries de color blanc cremós.","Palmera pequeña y perennifolia, originaria de Nueva Zelanda. Florece en verano, con flores de color crema blanquecino y aromáticas. El fruto sale en otoño, primero de color azulado, y se torna blanquecino cuando madura. Se utiliza como planta ornamental en parques y jardines, por su follaje y por su bajo requerimiento en mantenimiento. En Barcelona encontramos varios cultivares: el cultivar 'Atropurpurea', que se diferencia por el follaje, de un tono rojizo bronce; el cultivar 'Marginata', con hojas de color verde intenso y verde pálido con el borde rojizo; el cultivar 'Purpurea', con el follaje púrpura, y, finalmente, el cultivar 'Variegata', con las hojas de color verde pálido y estrías de color blanco cremoso.","Palmera real,  cordilina de Nova Zelanda",66,"Palmera real,  cordiline de Nueva Zelanda"
5103,Dioon edule,"A tree-like evergreen palm, native to Mexico.  It has a crown of pinnate leaves. The leaves are bright green or blue or blue-green with flat margins.  The flowers are pale brown and pale grey. The fruit is a cone.",Chestnut dioon,"Una palmera perenne semblant, originària de Mèxic. Té una corona de fulles pinnades. Les fulles són de color verd brillant o blau o blau-verd amb els marges plans. Les flors són de color marró pàl·lid i gris pàl·lid. El fruit és un con.","Una palmera perenne, originaria de México. Tiene una corona de hojas pinnadas. Las hojas son de color verde brillante o azul o verde azulado con márgenes planos. Las flores son de color marrón pálido y gris pálido. El fruto es un cono.","Chamal, palma de la Virgen",54,Sagú de Mèxic
5247476,Ginkgo biloba 'Fastigiata',"This is a deciduous tree with a conical crown. It is native to China. In the autumn, the leaves turn an attractive yellow. It blossoms in the spring, with fragrant but unattractive flowers; the male flowers are greenish-yellow. The fruit smell like rancid butter, and they are brownish- or orange-yellow, ripening at the start of autumn. Barcelona also has two cultivars: 'Fastigiata', which is a male clone and therefore does not produce seeds, and 'Blagon', a columnar tree that is also male. It is planted in streets and in parks and gardens, due to its characteristic unusual structure, its decorative leaves, the autumnal colour of its foliage and its resistance to pests, infestations and disease.",Maidenhair tree 'Fastigiata',"És un arbre caducifoli, de capçada cònica, originari de la Xina. A la tardor, les fulles es tornen d'un atractiu color groc. Floreix a la primavera, amb flors oloroses però no vistoses; les masculines són de color groc verdós. Els fruits fan olor de mantega rància, són de color groc marronós o ataronjat i maduren al començament de la tardor. A Barcelona també hi ha les cultivars 'Fastigiata', que és un clon masculí i, per tant, no fa llavors, i la 'Blagon', arbre columnar, també masculí. S'usa en jardineria com a arbre viari i com a arbre de parc o de jardí per la seva característica estructura arbòria poc usual, per la forma decorativa de les seves fulles, pel color autumnal del seu fullatge i la seva resistència a plagues i malalties.","Es un árbol caducifolio, de copa cónica, originario de China. En otoño, las hojas se tornan de un atractivo color amarillo. Florece en primavera, con flores olorosas pero no vistosas; las masculinas son de color amarillo verdoso. Los frutos son olorosos, de color amarillo amarronado o anaranjado y maduran a principios de otoño. En Barcelona también están los cultivares 'Fastigiata', que es un clon masculino y, por lo tanto, no da semillas; y 'Blagon', árbol columnar, también masculino. Se usa en jardinería como árbol viario y como árbol de parque o de jardín por su estructura arbórea poco usual, por la forma decorativa de sus hojas, por el color otoñal de su follaje y su resistencia a plagas y enfermedades.",Ginkgo 'Fastigiata',55,Árbol de los cuarenta escudos 'Fastigiata'
152,Populus nigra 'Italica',"This is a deciduous tree with an ovoid crown. It is native to Europe, North Africa and Central and Western Asia. It flowers in February and March, before the new leaves appear, with small, grouped flowers. The male flowers are reddish and the female flowers are smaller and green. It produces brown capsules that ripen between April and May and disseminate seeds covered in white cottony fibres. It is planted as a shade tree in parks and gardens, and as a street tree. It is better to use male clones, as there is no mess from seed fibres. In Barcelona, we have Populus nigra the 'Italica' cultivar, or Lombardy poplar, which originated in Lombardy. It has a columnar habit and does not produce fruit, as it is a male clone; and the 'Sempervirens' cultivar , mostly planted in parks and gardens, which has a pyramidal shape and loses its leaves very late, in the winter.",Black poplar  'Italica',"Arbre caducifoli, de capçada ovoidal, originari d'Europa, el nord d'Àfrica i el centre i l'oest d'Àsia. Floreix als mesos de febrer i març, abans que surtin les fulles noves, amb flors menudes i agrupades. Les flors masculines són de color vermellós i les femenines són més primes i de color verdós. Els fruits són càpsules marronoses que maduren entre l'abril i el maig i que disseminen unes llavors envoltades de pèls cotonosos blancs. S'utilitza com a arbre d'ombra en parcs i jardins i com a arbre viari. És millor emprar clons masculins, ja que no fan el molest borrissol. A Barcelona podem trobar la cultivar Populus nigra 'Italica', o pollancre gavatx, originada a la Llombardia, que presenta port columnar i no fructifica, ja que és un clon masculí; i la cultivar 'Sempervirens', plantada sobretot en parcs i jardins, de forma piramidal i que perd la fulla molt tardanament a l'hivern.","Árbol caducifolio, de copa ovoidal, originario de Europa, el norte de África y el centro y el oeste de Asia. Florece en los meses de febrero y marzo, antes de que broten las hojas nuevas, con flores pequeñas y agrupadas. Las flores masculinas son de color rojizo, y las femeninas, más delgadas y de color verdoso. Los frutos son cápsulas amarronadas que maduran entre abril y mayo y que diseminan unas semillas rodeadas de pelos algodonosos blancos. Se utiliza como árbol de sombra en parques y jardines y como árbol viario. Es mejor utilizar clones masculinos, ya que no producen la molesta pelusa. En Barcelona podemos encontrar el cultivar Populus nigra 'Italica', o chopo lombardo, originado en la región italiana, que presenta porte columnar y no fructifica, ya que es un clon masculino; y el cultivar 'Sempervirens', plantado sobre todo en parques y jardines, de forma piramidal y que pierde la hoja muy tardíamente en invierno.",Pollancre gavatx,56,Chopo lombardo
749,Morus alba,"A deciduous tree with a rounded crown, native to Central and Northern China. It blossoms from April to May, with tiny green or whitish flowers. Its fruit are creamy-white, pink, red or purple mulberries, which ripen in late spring and early summer. Due to its rusticity and the shade it provides, it is used as a shade tree in parks, car parks, housing developments and vegetable gardens, planted singly, in groups or in rows. It is also used as a street tree, especially in avenues and squares, preferably varieties that produce little or no fruit. Weeping varieties are planted next to water features and rockeries. The 'Pendula' cultivar, with weeping branches and red fruit, is also found in Barcelona. Three cultivars are found in parks and gardens:'Multicaulis', with a bushy habit and greenish-white or dark purple fruit; 'Fastigiata'; and 'Fruitless', which, as the name suggests does not bear fruit and, in reality, belongs to another species, Morus australis.",White mulberry,"Arbre caducifoli, de capçada arrodonida, originari del centre i nord de la Xina, Floreix d'abril a maig, amb flors diminutes, de color verdós o blanquinós. Els fruits són les móres, de color blanc cremós, rosat, vermell o porpra, que maduren a finals de primavera i principi d'estiu. Per la seva rusticitat i l'ombra que projecta, a Barcelona s'utilitza com a arbre d'ombra, en parcs, aparcaments, urbanitzacions, horts, plantat de manera aïllada, en grups o en alineacions, o com a arbre viari, especialment en passeigs i places, preferiblement amb les varietats que no fan fruit o en fan poc. Les varietats pèndules s'utilitzen al costat de peces d'aigua i rocalles. A Barcelona trobem també la cultivar 'Pendula', amb branques pèndules i móres vermelles. En parcs i jardins, es poden trobar les cultivars 'Multicaulis', de port arbustiu i fruits de color blanc verdós o porpra fosc; la cultivar 'Fastigiata';  i la cultivar 'Fruitless', que no fa fruits i pertany en realitat a una altra espècie, Morus australis.","Árbol caducifolio, de copa redondeada, originario del centro y el norte de China. Florece de abril a mayo, con flores diminutas, de color verdoso o blanquecino. Los frutos son las moras, de color blanco cremoso, rosado, rojo o púrpura, que maduran a finales de primavera y principios de verano. Por su rusticidad y la sombra que proyecta, en Barcelona se utiliza como árbol de sombra en parques, aparcamientos, urbanizaciones, huertos, plantado de forma aislada, en grupos o en alineaciones, o como árbol viario, especialmente en paseos y plazas, preferiblement con las variedades que no dan frutos o dan pocos). Las variedades péndulas se utilizan junto a piezas de agua y rocallas. En Barcelona encontramos también el cultivar 'Pendula', con ramas péndulas y moras rojas. En parques y jardines, se pueden encontrar los cultivares 'Multicaulis', de porte arbustivo y frutos de color blanco verdoso o púrpura oscuro; 'Fastigiata', y 'Fruitless', que no da frutos y, en realidad, pertenece a otra especie, Morus australis.",Morera blanca,57,"Morera blanca,  morera"
31,Persea americana,"This is a small evergreen tree with a round crown. It is native to Mexico and Central America. It blossoms in April, with yellowish flowers. The green globular fruit ripen at the end of autumn. They are very attractive and edible. This is a fruit tree which is often selected because it is easy to grow.",Avocado,"És una arbret perennifoli, de capçada arrodonida. Originari de Mèxic i l'Amèrica Central. Floreix a l'abril, amb flors d'un to grogós. Els fruits surten al final de la tardor i són de color verd, globosos, molt vistosos i comestibles. És un arbre fruiter que molts cops s'escull perquè creix fàcilment.","Es un arbolillo perennifolio, de copa redondeada. Originario de México y Centroamérica. Florece en abril, con flores de un tono amarillento. Los frutos salen al final del otoño y son de color verde, globosos, muy vistosos y comestibles. Es un árbol frutal que muchas veces se elige porque crece fácilmente.","Advocater,  alvocater",58,Aguacate
99,Pinus halepensis,"An evergreen conifer with a dense crown that is pyramidal in young specimens and opens up over time. It is native to the Mediterranean region. It blossoms at the end of winter and in spring, with small yellowish-brown male flowers and small female flowers forming violet cones. It produces glossy light-brown conical pine cones that ripen in the autumn of the second year and remain on the tree for several years. It is planted in parks and gardens and sometimes as a street tree in Barcelona.",Alepppo pine,"Conífera perennifòlia, de capçada densa, que és piramidal de jove i que es va obrint amb l'edat. Originària de la regió mediterrània. Floreix al final de l'hivern i a la primavera, amb flors petites, les masculines de color marró groguenc i les femenines formant cons violacis. Els fruits són pinyes còniques de color marró clar brillant que maduren a la tardor del segon any i persisteixen a l'arbre diversos anys. A Barcelona s'utilitza en parcs i jardins i, a vegades, en arbrat viari.","Conífera perennifolia, de copa densa, que es piramidal de joven y que se va abriendo con la edad. Originaria de la región mediterránea. Florece al final del invierno y en primavera, con flores pequeñas; las masculinas, de color marrón amarillento, y las femeninas, formando conos violáceos. Los frutos son piñas cónicas de color marrón claro brillante que maduran en otoño del segundo año y se mantienen en el árbol varios años. En Barcelona se utiliza en parques y jardines y, a veces, en arbolado viario.",Pi blanc,59,Pino carrasco
5287201,Ginkgo biloba 'Tremonia',,,,,,60,
5287429,Tabebuia roseoalba,,,,,,61,"ipé blanco, lapacho blanco"
5287459,Prunus serrulata 'Amanogawa',,,,,,62,
2072,Annona cherimola,"An evergreen tree with a rounded crown, native to the Andes and Ecuador. It blossoms exuberantly in March and April, with fragrant, three-petalled pendent green flowers It bears large green globular fruit that are fleshy and contain black seeds. It is planted as an ornamental tree and because it needs little maintenance.",Chirimoya,"Arbre perennifoli, amb la capçada arrodonida, originari dels Andes i l'Ecuador. Floreix durant els mesos de març i abril de forma exhuberant, amb flors de tres pètals de color verdós, penjants i aromàtiques. El fruit és gran i globós, carnós, de color verd i amb llavors negres. Es planta com a arbre ornamental i per ser poc exigent en el seu manteniment.","Árbol perennifolio, con la copa redondeada, originario de los Andes y Ecuador. Florece durante los meses de marzo y abril de forma exuberante, con flores de tres pétalos de color verdoso, colgantes y aromáticas. El fruto es grande y globoso, carnoso, de color verde y con semillas negras. Se planta como árbol ornamental y porque es poco exigente en su mantenimiento.",Xirimoier,63,Chirimoyo
2077,Araucaria bidwillii,"An evergreen conifer with a pyramidal crown, native to the coast of Queensland, in Australia. This species has a very characteristic habit: the uppermost branches reach upwards, the middle branches are horizontal and the lowermost branches turn downwards. It has bright-green, needle-shaped leaves. Its globular,woody fruit are similar to pine cones and ripen after three years. Its seeds are elliptical and edible.",Bunya pine,"Conífera perennifòlia, de capçada piramidal, originària de les costes de Queensland, a Austràlia. El port d'aquesta espècie és força característic: les branques de la part superior són ascendents, les de la part mitja horitzontals i les de la part inferior estan inclinades cap abaix. Les fulles són aciculars, de color verd brillant. El fruit és semblant a una pinya, globosa i llenyosa, que madura als tres anys. D'aquest fruit en sortiran les llavors, elíptiques i comestibles.","Conífera perennifolia, de copa piramidal, originaria de las costas de Queensland, en Australia. El porte de esta especie es bastante característico: las ramas de la parte superior son ascendentes, las de la parte media, horizontales, y las de la parte inferior están inclinadas hacia abajo. Las hojas son aciculares, de color verde brillante. El fruto es similar a una piña, globoso y leñoso, y madura a los tres años. De este fruto surgen las semillas, elípticas y comestibles.","Araucària de Bidwill, Araucaria australiana",64,"Araucaria de Bidwill,  Bunya-bunya"
1622,Bauhinia forficata subsp. pruinosa,"A deciduous tree with an ovoid or round crown, native to the south-east of South America. It blossoms in the summer, with very attractive white flowers. It produces brown seedpods that ripen in the autumn. It takes its name, pota de vaca [cow foot], from the shape of its bilobulate leaves, which resemble the hoof-print of a cow. It is also known as Bauhinia candicans and Bauhinia grandiflora, although the latter name corresponds to another species that is not grown in our country. In Barcelona, you can also find the subspecies pruinosa.",False caoba,"Arbre caducifoli, de capçada ovoidal o arrodonida, originari del sud-est de l'Amèrica del Sud. Floreix a l'estiu, amb flors molt vistoses, blanques. Els fruits són llegums de color marró que maduren a la tardor. Rep el nom de pota de vaca per la forma de les seves fulles bilobades, que semblen la petjada d'una vaca. És conegut també amb els noms de Bauhinia candicans i de Bauhinia grandiflora, tot i que aquest darrer nom en realitat correspon a una altra espècie no cultivada al nostre país. A Barcelona també trobem la subespècie pruinosa.","Árbol caducifolio, de copa ovoidal o redondeada, originario del sureste de Suramérica. Florece en verano, con flores muy vistosas, blancas. Los frutos son legumbres de color marrón que maduran en otoño. Recibe el nombre de pata de vaca por la forma de sus hojas bilobuladas, que parecen la huella de una vaca. Es conocido también con los nombres de Bauhinia candicans y de Bauhinia grandiflora, aunque este último en realidad corresponde a otra especie no cultivada en nuestro país. En Barcelona también encontramos la subespecie pruinosa.",Pota de vaca,65,Arbol orquídea
2256,Dasylirion acrotrichum,"A small or medium-sized evergreen palm, native to Mexico; very typical of the Chihuahuan desert. It blossoms in summer, with white, bell-shaped flowers grouped in a flower spike that rises above the foliage. It is cultivated as an ornamental plant in parks and gardens.",Great Desert Spoon,"Palmera de port petit o mitjà, perennifòlia, originària de Mèxic, molt típica del dessert de Chihuahuan. Floreix a l'estiu, amb flors blanques i en forma de campana, agrupades en una tija que s'eleva per sobre del fullatge. Es planta com a ornamental en parcs i jardins.","Palmera de porte pequeño o mediano, perennifolia, originaria de México, muy típica del desierto de Chihuahua. Florece en verano, con flores blancas y en forma de campana, agrupadas en un tallo que se eleva por encima del follaje. Se planta con fines ornamentales en parques y jardines.",Dasilírion cabellut,67,Cucharilla
2271,Dovyalis caffra,"An evergreen shrub or small tree, native to South Africa. It has spiny branches and small, glossy ovate leaves, located at the base of the spines. It has inconspicuous yellow flowers, and it bears round yellow fruit that are edible but sour. It is used in horticulture and gardening as an ornamental plant, to form impenetrable hedges.",Kei-apple,"Arbret o arbust perennifoli, originari del sud d'Àfrica. Presenta tiges espinoses i petites fulles ovalades i brillants, situades a la base de les espines. Les flors són groguenques i poc vistoses, i els fruits són arrodonits i grocs, comestibles però àcids. S'utilitza en horticultura i en jardineria ornamental per la creació de tanques vegetals impenetrables.","Arbolillo o arbusto perennifolio, originario del sur de África. Presenta tallos espinosos y pequeñas hojas ovaladas y brillantes, situadas en la base de las espinas. Las flores son amarillentas y poco vistosas, y los frutos son redondeados y amarillos, comestibles pero ácidos. Se utiliza en horticultura y en jardinería ornamental para la formación de setos vegetales impenetrables.",Pomera dels cafres,68,Manzano cafre
1370,Eucalyptus globulus,"This is an evergreen tree with an irregular ovoid crown. It is native to South Eastern Australia. It blossoms from winter to spring, with white flowers. It produces blue-green aromatic capsules that turn brown and ripen at the beginning of autumn. In Barcelona, it is planted as a street tree and also in parks and gardens.",Tasmanian blue gum,"És un arbre perennifoli, de capçada ovoidal i irregular. Originari del sud-est d'Austràlia. Floreix des de l'hivern fins a la primavera, amb flors de color blanc de 4 centímetres. Els fruits són càpsules aromàtiques de color verd blavenc que passa a marró i que maduren al principi de la tardor. Es planta a Barcelona com a arbre viari i en parcs i jardins.","Es un árbol perennifolio, de copa ovoidal e irregular. Originario del sureste de Australia. Florece desde el invierno hasta la primavera, con flores de color blanco de 4 centímetros. Los frutos son cápsulas aromáticas de color verde azulado que se vuelve marrón; maduran a principios de otoño. Se planta en Barcelona como árbol viario y en parques y jardines.","Eucaliptus, eucaliptus comú",69,"Eucalipto común,  eucalipto azul"
2411,Juglans nigra,"This is a deciduous tree with a round crown. It is native to the United States of America. It has aromatic leaves. It flowers in April and May, with tiny greenish flowers. In the autumn, it produces very fragrant and attractive green globular fruit. It is grown as an ornamental plant in gardens.",Black walnut,"És un arbre caducifoli, de capçada arrodonida. Originari dels Estats Units d'Amèrica. Les fulles són aromàtiques. Floreix als mesos d'abril i maig, amb flors diminutes i verdoses. Els fruits surten a mitjan tardor i són globosos, de color verdós, molt olorosos i molt vistosos. Es cultiva en horticultura i com a planta ornamental en jardins.","Es un árbol caducifolio, de copa redondeada. Originario de los Estados Unidos de América. Las hojas son aromáticas. Florece en los meses de abril y mayo, con flores diminutas y verdosas. Los frutos salen a mediados de otoño y son globosos, de color verdoso, muy olorosos y muy vistosos. Se cultiva en horticultura y como planta ornamental en jardines.",Noguera negra,70,Nogal negro
252,Quercus rotundifolia,"This is an evergreen tree with an ovoid crown. It is native to the Mediterranean region. It blossoms in April and May, with tiny yellowish flowers. It produces dark-brown acorns that ripen in the autumn of the same year.  A very similar species is also grown, the short-leaved holm oak, Q. rotundifolia, often subordinated to the holm oak named Q. ilex subsp. ballota, found in areas with a more continental, arid climate than the holm oak, in the western part of the Mediterranean region; it is distinguished by its round crown, with shorter grey-green leaves and sweet, edible acorns. It is very commonly used as a shade tree in Barcelona, planted in squares, wide avenues, parks and embankments.",Sweet Acorn Oak,"Arbre perennifoli, de capçada ovoidal, originari de la regió mediterrània. Floreix entre els mesos d'abril i maig, amb flors molt petites i groguenques. Els fruits són glans de color marró fosc que maduren a la tardor del mateix any.  També se'n cultiva una espècie molt semblant, la carrasca o alzina de fulla curta, Q. rotundifolia, sovint subordinada a l'alzina de nom Q. ilex subsp. ballota, pròpia de zones de clima més continental i més àrid que l'alzina, de l'oest de la regió mediterrània, que es distingeix per la seva capçada arrodonida, amb fulles més curtes, de color verd grisenc, i unes glans dolces, comestibles. A Barcelona és un arbre molt utilitzat com a arbre d'ombra, plantat en places, passeigs amples, parcs i talussos.","Árbol perennifolio, de copa ovoidal, originario de la región mediterránea. Florece entre los meses de abril y mayo, con flores muy pequeñas y amarillentas. Los frutos son bellotas de color marrón oscuro que maduran en otoño del mismo año.  También se cultiva una especie muy parecida, la carrasca o encina de hoja corta, Q. rotundifolia, con frecuencia subordinada a la encina de nombre Q. ilex subsp. ballota, propia de zonas de clima más continental y más árido que la encina, del oeste de la región mediterránea, que se distingue por su copa redondeada, con hojas más cortas, de color verde grisáceo, y unas bellotas dulces, comestibles. En Barcelona es muy utilizado como árbol de sombra, plantado en plazas, paseos anchos, parques y taludes.",Carrasca,71,Encina de bellotas dulces
494,Handroanthus heptaphyllus,"This is a deciduous or semi-deciduous tree, with a round crown. It is native to Brazil, Eastern Bolivia, Northern Argentina and Paraguay. Its spectacular blossoming occurs at the end of winter and in spring, before the new leaves sprout, with deep pink or purple flowers. It produces brown cylindrical capsules that look like legumes and appear in the spring and summer. Until recently, the species was known by the scientific name of Tabebuia heptaphylla.",Black lapacho,"És un arbre de fulla caduca o semicaduca, de capçada arrodonida. Originari del Brasil, l'est de Bolívia, el nord de l'Argentina i el Paraguai. La floració és espectacular i es produeix al final de l'hivern i a la primavera, abans que brotin les fulles noves, amb flors de color rosa fort o morat. Els fruits són càpsules cilíndriques semblants a les llegums, de color marró, que apareixen a la primavera i fins a l'estiu. L'espècie era coneguda fins fa poc amb el nom científic de Tabebuia heptaphylla.","Es un árbol de hoja caduca o semicaduca, de copa redondeada. Originario de Brasil, el este de Bolivia, el norte de Argentina y Paraguay. La floración es espectacular y se produce a finales de invierno y en primavera, antes de que broten las hojas nuevas, con flores de color rosa fuerte o morado. Los frutos son cápsulas cilíndricas parecidas a las legumbres, de color marrón, que aparecen en primavera y hasta el verano. La especie era conocida hasta hace poco con el nombre científico de Tabebuia heptaphylla.",Ipé morat,72,Lapacho morado
1359,Eriobotrya japonica,"This is a small evergreen tree with a rounded crown. It is native to China and Japan. It blossoms from the autumn to the beginning of winter, with fragrant yellowish-white flowers. It produces yellow or orange pomes, known as loquats, which ripen in spring. In Barcelona, it is planted in parks and gardens, as well as in streets and squares.",Loquat,"És un arbret perennifoli, de capçada arrodonida. Originari de la Xina i el Japó. Floreix des de la tardor fins al començament de l'hivern, amb flors oloroses, de color blanc groguenc. Els fruits són poms de color groc o ataronjat, coneguts com nespres, i maduren a la primavera. Es planta a Barcelona en parcs i jardins i en carrers i places.","Es un arbolito perennifolio, de copa redondeada. Originario de China y Japón. Florece desde el otoño hasta el principio del invierno, con flores olorosas, de color blanco amarillento. Los frutos son pomos de color amarillo o anaranjado, conocidos como nísperos, y maduran en primavera. Se planta en Barcelona en parques y jardines y en calles y plazas.",Nesprer del Japó,119,Níspero del Japón
5286588,Ginkgo biloba 'Fastigiata Blagon',"This is a deciduous tree with a conical crown. It is native to China. In the autumn, the leaves turn an attractive yellow. It blossoms in the spring, with fragrant but unattractive flowers; the male flowers are greenish-yellow. The fruit smell like rancid butter, and they are brownish- or orange-yellow, ripening at the start of autumn. Barcelona also has two cultivars: 'Fastigiata', which is a male clone and therefore does not produce seeds, and 'Blagon', a columnar tree that is also male. It is planted in streets and in parks and gardens, due to its characteristic unusual structure, its decorative leaves, the autumnal colour of its foliage and its resistance to pests, infestations and disease.",Gingko  'Blagon',"És un arbre caducifoli, de capçada cònica, originari de la Xina. A la tardor, les fulles es tornen d'un atractiu color groc. Floreix a la primavera, amb flors oloroses però no vistoses; les masculines són de color groc verdós. Els fruits fan olor de mantega rància, són de color groc marronós o ataronjat i maduren al començament de la tardor. A Barcelona també hi ha les cultivars 'Fastigiata', que és un clon masculí i, per tant, no fa llavors, i la 'Blagon', arbre columnar, també masculí. S'usa en jardineria com a arbre viari i com a arbre de parc o de jardí per la seva característica estructura arbòria poc usual, per la forma decorativa de les seves fulles, pel color autumnal del seu fullatge i la seva resistència a plagues i malalties.","Es un árbol caducifolio, de copa cónica, originario de China. En otoño, las hojas se tornan de un atractivo color amarillo. Florece en primavera, con flores olorosas pero no vistosas; las masculinas son de color amarillo verdoso. Los frutos son olorosos, de color amarillo amarronado o anaranjado y maduran a principios de otoño. En Barcelona también están los cultivares 'Fastigiata', que es un clon masculino y, por lo tanto, no da semillas; y 'Blagon', árbol columnar, también masculino. Se usa en jardinería como árbol viario y como árbol de parque o de jardín por su estructura arbórea poco usual, por la forma decorativa de sus hojas, por el color otoñal de su follaje y su resistencia a plagas y enfermedades.",Ginkgo 'Blagon',73,Ginkgo 'Blagon'
2561,Phillyrea latifolia,"This evergreen bush is native to the Mediterranean region. It blossoms in spring, with small, unattractive yellowish flowers. It produces pea-sized drupes that are black when ripe, around October.",Green olive tree,"Arbust perenne, originari de la regió mediterrània. Floreix a la primavera, amb flors poc vistoses, petites i groguenques. Els fruits són drupes de la mida d'un pèsol i de color negre quan maduren, cap al mes d'octubre.","Arbusto perenne, originario de la región mediterránea. Florece en primavera, con flores poco vistosas, pequeñas y amarillentas. Los frutos son drupas del tamaño de un guisante y de color negro cuando maduran, hacia el mes de octubre.",Aladern de fulla ampla,74,Labiérnago prieto
58,Photinia serrulata,"A shrub or small tree with a dense crown and evergreen leaves, native to China. It has large, glossy green leaves that are ovate and serrated, although they have a bronze-coloured tinge in spring. It has small white spring flowers that bear small red berries.",Photinia,"Arbust o petit arbre de fulla perenne, de copa densa i originari de la Xina. Les fulles són de color verd brillant, grans, ovalades i serrades, tot i que a la primavera apareixen tenyides de color bronze. Les flors són petites i blanques, primaverals, i donen pas a petites baies de color vermell.","Arbusto o pequeño árbol de hoja perenne, de copa densa y originario de China. Las hojas son de color verde brillante, grandes, ovaladas y serradas, aunque en primavera aparecen teñidas de color bronce. Las flores son pequeñas y blancas, primaverales, y dan paso a pequeñas bayas de color rojo.",Fotínia,75,Fotinia
94,Pinus canariensis,"An evergreen conifer, native to the Canary Islands, with an umbrella-shaped crown. It blossoms from March to May, with small purple-yellow male flowers and small female flowers forming grey-green cones. It produces light-brown conical pine cones that ripen in the autumn of the second year and disseminate in the summer of the third year. It is one of the few conifer species that is able to regrow after a fire, thanks to its thick bark and the presence of buds in its trunk.",Canary Islands pine,"Conífera perennifòlia, originària de les illes Canàries, amb la capçada en forma de para-sol. La floració es produeix del març al maig, amb flors petites, les masculines de color groc purpuri i les femenines formant cons de color verd grisenc. Els fruits són pinyes còniques de color marró clar que maduren a la tardor del segon any i disseminen a l'estiu del tercer any. És una de les poques espècies de coníferes que tenen la capacitat de rebrotar després d'un incendi, gràcies a una escorça gruixuda i a la presència de gemmes en el tronc.","Conífera perennifolia, originaria de las islas Canarias, con la copa en forma de sombrilla. La floración se produce de marzo a mayo, con flores pequeñas; las masculinas, de color amarillo purpúreo, y las femeninas, formando conos de color verde grisáceo. Los frutos son piñas cónicas de color marrón claro que maduran en otoño del segundo año y se diseminan en verano del tercer año. Es una de las pocas especies de coníferas que tienen la capacidad de rebrotar después de un incendio, gracias a una corteza gruesa y a la presencia de yemas en el tronco.",Pi de Canàries,76,Pino canario
1331,Dracaena draco,"A tree-like evergreen palm, endemic to the Canary Islands, Madeira, Cape Verde and the Anti-Atlas mountains in Morocco.  It's crown is a rosette of rigid, bluish lanceolate leaves that are up to 60 cm long. It blossoms from June to mid-August with inconspicuous racemes of small pinkish-white or creamy-green flowers. It bears fleshy orange berries that appear in the summer and may remain on the plant for a year before falling. It is cultivated as an ornamental plant in parks and gardens.",Canary Islands dragon tree,"Palmera arborescent i perennifòlia, endèmica de les Canàries, Madeira, Cabo Verde i l'Anti-Atlas marroquí.  Presenta una copa en forma de roseta de fulles rígides, en forma de llança i blavoses, de fins a 60 centímetres de llarg. Té una floració poc vistosa, des de juny fins a mitjans d'agost, amb flors petites agrupades en  raïms, de color blanc rosat o verd cremós. Els fruits són baies carnoses de color taronja que surten a l'estiu i poden romandre a la palmera durant un any, abans de caure. S'utilitza com a ornamental, en parcs i jardins.","Palmera arborescente y perennifolia, endémica de Canarias, Madeira, Cabo Verde y el Anti-Atlas marroquí.  Presenta una copa en forma de roseta de hojas rígidas, en forma de lanza y azuladas, de hasta 60 centímetros de largo. Tiene una floración poco vistosa, desde junio hasta mediados de agosto, con flores pequeñas agrupadas en racimos, de color blanco rosado o verde cremoso. Los frutos son bayas carnosas de color naranja que salen en verano y pueden permanecer en la palmera durante un año antes de caer. Se utiliza con fines ornamentales, en parques y jardines.",Drago,77,Drago
2332,Ficus rubiginosa,"This is an evergreen tree with a round crown. It is native to Eastern Australia. It has unremarkable whitish flowers. It produces yellow to dark-red globular fruit that usually ripen in the spring and summer. It is also cultivated as Ficus australis, the only difference being the colour of its leaves.",Rusty fig,"És un arbre perennifoli, de capçada arrodonida. Originari de l'est d'Austràlia. Fa flors sense interès, de color blanquinós. Els fruits són globosos, de color groc a vermell fosc, i maduren preferentment a la primavera i a l'estiu. També es cultiva la Ficus australis que es diferencia només pel color de les fulles.","Es un árbol perennifolio, de copa redondeada. Originario del este de Australia. Echa flores sin interés, de color blanquecino. Los frutos son globosos, de color amarillo a rojo oscuro, y maduran preferentemente en primavera y en verano. También se cultiva la forma Ficus australis, que se diferencia solo por el color de las hojas.",Ficus rubiginós,120,Higuera de Puerto Jackson
1455,Fraxinus ornus,"This is a deciduous tree with a round crown. It is native to Central and Southern Europe and Western Asia.  Its leaves turn yellow or purple in the autumn. It blossoms in April and May, with quite attractive and fragrant, white flowers grouped in panicles. It produces light-brown samaras that ripen in the autumn. Due to its relatively small habit and decorative flowers, it is planted in streets and parks in Barcelona. There are also some cultivars: 'Mecsek', with a spherical crown and a smaller habit than the standard tree; 'Obelisk', and the 'Paul Johannes-Paulus II' OBELISK®, with a columnar habit, very suitable for planting along city streets.",Flowering ash,"Arbre caducifoli, de capçada arrodonida, originari del centre i el sud d'Europa i l'oest d'Àsia.  Les fulles es tornen de color groc o porpra a la tardor. Floreix de l'abril al maig, amb flors oloroses, de color blanc, agrupades i força vistoses. Els fruits són sàmares de color marró clar que maduren la tardor. Pel seu port relativament petit i les seves flors decoratives, a Barcelona s'utilitza com a arbre viari i també com a arbre de parc. Hi ha també les cultivars 'Mecsek', de capçada esfèrica i de port més petit que l'arbre tipus; la cultivar 'Obelisk', i la 'Paul Johannes-Paulus II' OBELISK®, de port columnar, molt apte per plantar-se en els carrers de la ciutat.","Árbol caducifolio, de copa redondeada, originario del centro y el sur de Europa y el oeste de Asia.  Las hojas se tornan de color amarillo o púrpura en otoño. Florece de abril a mayo, con flores olorosas, de color blanco, agrupadas y bastante vistosas. Los frutos son sámaras de color marrón claro que maduran en otoño. Por su porte relativamente pequeño y sus flores decorativas, en Barcelona se utiliza como árbol viario y también como árbol de parque. Existen también los cultivares 'Mecsek', de copa esférica y de porte más pequeño que el árbol tipo; y 'Paul Johannes-Paulus II' OBELISK®, de porte columnar, muy apto para plantarse en las calles de la ciudad.",Freixe de flor,78,"Fresno del maná,  fresno de flor"
1470,Gleditsia triacanthos,"A deciduous tree with an ovoid crown, native to Central and Eastern United States and South Eastern Canada. It blossoms in May and June, with fragrant, cream-coloured flowers; the male flowers are grouped in racemes. It produces twisted reddish-brown seedpods that sometimes have green spots; they ripen in the autumn. In Barcelona, thornless varieties are planted as street trees, especially in avenues and squares, and as a shade tree in parks, forming copses, as solitary trees and in combination with other species. The standard variety is not used very much now, due to its dangerous thorns. The thornless variety is now grown almost exclusively, the Gleditsia triacanthos f. inermis, the thornless black locust. The planted cultivars are also thornless: 'Skyline', which does not bear fruit, and 'Sunburst', which has no fruit either, is smaller than the standard variety, with golden leaves in spring and autumn.",Honey locust,"Arbre caducifoli, de capçada ovoidal, originari del centre i l'est dels Estats Units i del sud-est del Canadà. Floreix entre el maig i el juny, amb flors oloroses i de color crema, les masculines disposades en raïms. Els fruits són llegums retorçats, de color marró vermellós lluent, a vegades amb clapes verdes, que maduren a la tardor. A Barcelona s'utilitzen especialment les varietats inermes com a arbre viari, especialment en passeigs, avingudes i places, i com a arbre d'ombra en parcs, formant bosquines, com a exemplars aïllats o en combinació amb altres espècies. La varietat tipus, que és espinosa, s'empra poc en l'actualitat, atesa la perillositat de les espines. Ara gairebé només es cultiva la forma sense espines, Gleditsia triacanthos f. inermis, l'acàcia negra inerme. També són inermes les cultivars plantades 'Skyline', sense fruits, i 'Sunburst', que tampoc fa fruits, més petita que la varietat tipus i amb fulles de color groc daurat a la primavera i a la tardor.","Árbol caducifolio, de copa ovoidal, originario del centro y el este de los Estados Unidos y del sureste de Canadá. Florece entre mayo y junio, con flores olorosas y de color crema, las masculinas dispuestas en racimos. Los frutos son legumbres retorcidas, de color marrón rojizo reluciente, a veces con clapas verdes, que maduran en otoño. En Barcelona se utilizan especialmente las variedades inermes como árbol viario, especialmente en paseos, avenidas y plazas, y como árbol de sombra en parques formando bosquecillos, como ejemplares aislados o en combinación con otras especies. La variedad tipo, que es espinosa, se utiliza poco en la actualidad, debido a la peligrosidad de las espinas. Ahora se cultiva casi exclusivamente la forma sin espinas, Gleditsia triacanthos f. inermis, la acacia negra inerme. También son inermes los cultivares plantados 'Skyline', sin frutos, y 'Sunburst', que tampoco da frutos, más pequeño que la variedad tipo y con hojas de color amarillo dorado en primavera y en otoño.","Acàcia tres punxes,  acàcia de tres punxes",79,Acacia de tres espinas
1556,Juniperus communis,"It is a small coniferous tree or shrub, native to the cool temperate Northern Hemisphere. It has needle-like leaves in whorls of three. The leaves have a white line on the inner surface. It blossoms in March and April, with small flowers. The fruit is a berry, initially green, ripening to purple-black. It is used to produce gin. The seeds are dispersed by the birds.",Common juniper,"Conífera de port arbustiu o arbori, originària de l'hemisferi nord, a Euràsia i Nord-Amèrica. Les fulles tenen forma d'agulla, agrupades de tres en tres, i amb una línia blanca a l'anvers. Floreix entre març i abril, amb flors poc vistoses. Els fruits són baies esfèriques, de color verd grisós al principi i blau quasi negre quan maduren, anomenats ginebrons i que s'utilitzen per fer la ginebra. Els ocells s'alimenten d'aquest fruits i en dispersen les llavors","Conífera de porte arbustivo o arbóreo, nativa del hemisferio Norte, en Eurasia y América del Norte. Las hojas tienen forma de aguja, están dispuestas en grupos de tres y presentan una línea blanca en la cara superior. Florece entre marzo y abril, con flores poco vistosas. Los frutos son bayas esféricas, las enebrinas, que van pasando de color verde grisáceo a azul casi negro, y que se utilizan para producir la ginebra. Los pájaros se alimentan de estos bayas, dispersando después sus semillas.",Ginebró,80,Enebro común
5286554,Ficus rubiginosa f. glabrescens,"This is an evergreen tree with a round crown. It is native to Eastern Australia. It has unremarkable whitish flowers. It produces yellow to dark-red globular fruit that usually ripen in the spring and summer. The glabrescens form is also cultivated (which is sold on the market under the name Ficus australis or Ficus rubiginosa f. glabrescens), the only difference being the colour of its leaves.",Rusty fig,"És un arbre perennifoli, de capçada arrodonida. Originari de l'est d'Austràlia. Fa flors sense interès, de color blanquinós. Els fruits són globosos, de color groc a vermell fosc, i maduren preferentment a la primavera i a l'estiu. També es cultiva la forma glabrescens (que es ven al mercat amb el nom de Ficus australis o Ficus rubiginosa f. glabrescens) i que es diferencia només pel color de les fulles.","Es un árbol perennifolio, de copa redondeada. Originario del este de Australia. Echa flores sin interés, de color blanquecino. Los frutos son globosos, de color amarillo a rojo oscuro, y maduran preferentemente en primavera y en verano. También se cultiva la forma glabrescens (que se vende en el mercado con el nombre de Ficus australis o Ficus rubiginosa f. glabrescens), que se diferencia solo por el color de las hojas.",Ficus rubiginós,81,Higuera de Puerto Jackson
5286578,Acer platanoides 'Crimson King',"This is a deciduous tree with a round or ovoid crown. It is native to Europe and Western Asia. It blossoms in the middle of spring, with small, greenish-yellow flowers. It produces brownish-green fruit, which ripen at the beginning of autumn. There are two cultivars in Barcelona: 'Columnare' and 'Crimson King'. Although it has problems adapting, it is planted in parks and gardens and as a street tree in Barcelona.",Norwegian maple,"És un arbre caducifoli, de capçada arrodonida o ovoidal. Originari d'Europa i l'oest d'Àsia. Floreix a mitjan primavera, amb flors petites, de color groc verdós. Els fruits, que maduren al començament de la tardor, són de color verd marronós. A Barcelona trobem les cultivars 'Columnare' i 'Crimson King'. Tot i la dificultat d'adaptació, es planta a Barcelona en parcs i jardins i com a arbre viari.","Es un árbol caducifolio, de copa redondeada u ovoidal. Originario de Europa y el oeste de Asia. Florece a mediados de primavera, con flores pequeñas, de color amarillo verdoso. Los frutos, que maduran al principio del otoño, son de color verde amarronado. En Barcelona encontramos los cultivares 'Columnare' y 'Crimson King'. A pesar de su dificultad de adaptación, se planta en Barcelona en parques y jardines y como árbol viario.",Erable,82,Arce real
2014,Acacia decurrens,"This evergreen tree is native to Australia. It has glossy green leaves that fold and close at night. It blossoms at the end of winter and the beginning of spring. Its inflorescences consist of small, fragrant yellow flowers. It produces seedpods that are brown, reddish-brown or black.",Early green wattle,"Arbre perenne, originari d'Austràlia. Presenta fulles verdes, brillants, que es repleguen i es tanquen a la nit. Floreix al final de l'hivern i principi de la primavera, amb inflorescències de flors petites, perfumades i de color groc. Els fruits són llegums de color marró, marró vermellós o negre.","Árbol perenne, originario de Australia. Presenta hojas verdes, brillantes, que se repliegan y se cierran por la noche. Florece al final del invierno y principios de la primavera, con inflorescencias de flores pequeñas, perfumadas y de color amarillo. Los frutos son legumbres de color marrón, marrón rojizo o negro.",Mimosa verda,83,"Mimosa verde,  acacia negra"
823,Acer campestre,"This is a deciduous tree with a round, slightly irregular crown. It is native to Europe and North Africa. In the autumn, the leaves turn a golden colour. It blossoms in April and May, with tiny greenish-yellow flowers. It produces brownish-green fruit, which ripen in the autumn. In addition to the normal species, two cultivars have been planted: 'Elsrijk', with an ovoid habit and a denser crown, and 'Fastigiatum', with a columnar habit. It is a melliferous plant, i.e. it attracts pollinators. It is well-known in beekeeping.",Field maple,"És un arbre caducifoli, de capçada arrodonida i lleugerament irregular. Originari d'Europa i del nord d'Àfrica. A la tardor, les fulles es tornen d'un color daurat. Floreix entre els mesos d'abril i maig, amb flors diminutes, de color groc verdós. Els fruits, que maduren a la tardor, són de color verd marronós. A Barcelona, a més de l'espècie tipus, hi ha plantades les cultivars 'Elsrijk', de port ovoidal i capçada més densa, i 'Fastigiatum', de port columnar. És una planta mel·lífera, és a dir, que atrau pol·linitzadors. És coneguda en apicultura.","Es un árbol caducifolio, de copa redondeada y ligeramente irregular. Originario de Europa y del norte de África. En otoño, las hojas se tornan de un color dorado. Florece entre los meses de abril y mayo, con flores diminutas, de color amarillo verdoso. Los frutos, que maduran en otoño, son de color verde amarronado. En Barcelona, además de la especie tipo, están plantados los cultivares 'Elsrijk', de porte ovoidal y copa más densa, y 'Fastigiatum', de porte columnar. Es una planta melífera, es decir, que atrae polinizadores. Es conocida en apicultura.",Auró blanc,84,Arce menor
2483,Melaleuca armillaris,"An evergreen tree or shrub with a rounded habit, native to South-east Australia.  It has dark-green, needle-shaped leaves. It blossoms in the summer, with cylindrical inflorescences of small flowers that have white stamens. It bears woody seed capsules. It is used in green areas near the seashore, normally for hedges or landscaping purposes.",Bracelet honey myrtle,"Arbre o arbust de port arrodonit i perennifoli, originari del sud-est d'Austràlia.  Les fulles són aciculars i de color verd fosc. A l'estiu floreix en forma d'inflorescències cilíndriques de flors petites amb els estams de color blanc. El fruit és una càpsula llenyosa. S'utilitza en zones enjardinades properes a la costa, normalment per crear tanques vegetals o paisatges.","Árbol o arbusto de porte redondeado y perennifolio, originario del sureste de Australia.  Las hojas son aciculares y de color verde oscuro. En verano florece en forma de inflorescencias cilíndricas de flores pequeñas con los estambres de color blanco. El fruto es una cápsula leñosa. Se utiliza en zonas ajardinadas próximas a la costa, normalmente para crear setos vegetales o paisajes.",Melaleuca comuna,85,Melaleuca de brazalete
2333,Ficus rubiginosa f. glabrescens,"This is an evergreen tree with a round crown. It is native to Eastern Australia. It has unremarkable whitish flowers. It produces yellow to dark-red globular fruit that usually ripen in the spring and summer. It is also cultivated as Ficus australis, the only difference being the colour of its leaves.",Rusty fig,"És un arbre perennifoli, de capçada arrodonida. Originari de l'est d'Austràlia. Fa flors sense interès, de color blanquinós. Els fruits són globosos, de color groc a vermell fosc, i maduren preferentment a la primavera i a l'estiu. També es cultiva la Ficus australis que es diferencia només pel color de les fulles.","Es un árbol perennifolio, de copa redondeada. Originario del este de Australia. Echa flores sin interés, de color blanquecino. Los frutos son globosos, de color amarillo a rojo oscuro, y maduran preferentemente en primavera y en verano. También se cultiva la forma Ficus australis, que se diferencia solo por el color de las hojas.",Ficus rubiginós,86,Higuera de Puerto Jackson
285,Robinia pseudoacacia,"A deciduous bush with a round crown, native to the Central and Eastern United States. It flowers in April and May, with very fragrant white flowers. It produces reddish-brown seedpods that ripen at the beginning of autumn. In Barcelona, it used to be used in wide streets and avenues, and in parks and gardens. However, as it is an invasive species, planting is not recommended. In addition to the standard species, there are various cultivars, including: 'Pyramidalis', 'Bessoniana', 'Umbraculifera', 'Microphylla', 'Frisia' and 'Casque rouge'.",Black locust,"Arbre caducifoli, de capçada arrodonida, originari del centre i l'est dels Estats Units d'Amèrica. Floreix als mesos d'abril i maig, amb flors blanques, molt perfumades. Els fruits són llegums de color marró vermellós que maduren al principi de la tardor. A Barcelona s'utilitzava com a arbre viari en carrers amples i passeigs, i com a arbre de parcs i jardins, però, com que és una espècie invasora, es recomana no plantar-la. A més de l'espècie, es plantaven diverses cultivars com ara la 'Pyramidalis', la 'Bessoniana', la 'Umbraculifera', la 'Microphylla', la 'Frisia' i la 'Casque rouge'.","Árbol caducifolio, de copa redondeada, originario del centro y el este de los Estados Unidos de América. Florece en los meses de abril y mayo, con flores blancas, muy perfumadas. Los frutos son legumbres de color marrón rojizo que maduran a principios de otoño. En Barcelona se utilizaba como árbol viario en calles anchas y paseos, y como árbol de parques y jardines, pero, como es una especie invasora, se recomienda no plantarla. Además de la especie, se plantaban diferentes cultivares como 'Pyramidalis', 'Bessoniana', 'Umbraculifera', 'Microphylla', 'Frisia' y 'Casque rouge'.","Acàcia borda,  robínia",87,Falsa acacia
497,Tamarix chinensis,"This is a deciduous bush or small tree with an extensive crown, native to China or Korea. It usually blossoms in the summer, between May and October, with small pink or deep-pink flowers. It produces seed capsules of no ornamental interest. In Barcelona, it is planted as a street tree and also in parks and gardens.",Chinese tamarisk,"És un arbust o arbret caducifoli, de capçada ampla, originari de China i Korea. Floreix principalment a l'estiu, entre els mesos de maig i octubre, amb flors petites, de color rosa o rosa fort. Els fruits són càpsules sense interès estètic. Es planta a Barcelona com a arbre viari i en parcs i jardins.","Es un arbusto o arbolillo caducifolio, de copa ancha, originario de China o Korea. Florece principalmente en verano, entre los meses de mayo y octubre, con flores pequeñas, de color rosa o rosa fuerte. Los frutos son cápsulas sin interés estético. Se planta en Barcelona como árbol viario y en parques y jardines.",Tamariu,88,Taray de China
805,Abies pinsapo,"Conifer with a conical crown, native to the mountains of Andalusia. It blossoms in April and May, with pink male flowers and light-green female flowers. Its fruit are green pine cones which ripen in September and October, turning brown.",Spanish fir,"Conífera de capçada cònica, originària de les serralades d'Andalusia. Floreix entre l'abril i el maig, amb flors masculines de color rosa i amb flors femenines de color verd clar. Els fruits són pinyes de color verd que, quan maduren entre el setembre i l'octubre, passen a color marró.","Conífera de copa cónica, originaria de las cordilleras de Andalucía. Florece entre abril y mayo, con flores masculinas de color rosa y con flores femeninas de color verde claro. Los frutos son piñas de color verde que, cuando maduran, entre setiembre y octubre, adoptan un color marrón.","Pinsap, Avet d'Andalusia",414,Pinsapo
505,Taxodium distichum,"This is a deciduous conifer, native to the Eastern and South Eastern United States. It blossoms at the end of winter and the beginning of spring, with male and female flowers on the same tree. The male flowers are brownish-yellow and the female flowers are sessile, turning from green to greyish-brown as they mature. It bears fruit in the autumn of the same year. When it lives in swampy or flooded land, it generates spectacular aerial roots that are erect and conical). They provide the structural function of anchoring the tree in unstable, swampy soil. In Barcelona, it is planted as a solitary tree or in small groups, in lakes and ponds or on the banks, as well as in waterlogged soils. It survives in drained soils, as long as they are sufficiently humid, but it does not develop its curious aerial roots.",Bald cypress,"Conífera caducifòlia, originària de l'est i el sud-est dels Estats Units. Floreix al final de l'hivern i principi de la primavera, amb flors femenines i masculines en el mateix arbre, les masculines de color groc marronós i les femenines sèssils, primer de color verd i que passen a marró grisenc quan maduren. Fructifica la mateixa tardor. Quan viu en terrenys pantanosos o entollats, es generen unes arrels aèries erectes i còniques, espectaculars, que tenen la funció estructural d'ancoratge en sòls poc ferms com els pantanosos. A Barcelona s'utilitza com a arbre aïllat o en petits grups, plantat en llacs i estanys o a les vores, però també en sòls pantanosos. Resisteix en sòls drenats mentre siguin suficientment humits, però aleshores no desenvolupen les curioses arrels aèries.","Conífera caducifolia, originaria del este y el sureste de los Estados Unidos. Florece al final del invierno y al principio de la primavera, con flores femeninas y masculinas en el mismo árbol; las masculinas son de color amarillo amarronado, y las femeninas, sésiles, primero de color verde y se vuelven marrón grisáceo cuando maduran. Fructifica en el mismo otoño. Cuando vive en terrenos pantanosos o encharcados, se generan unas raíces aéreas erectas y cónicas, espectaculares, que tienen la función estructural de anclaje en este tipo de suelos poco firmes. En Barcelona se utiliza como árbol aislado o en pequeños grupos, plantado en lagos y estanques o en las orillas, pero también en suelos pantanosos. Resiste en suelos drenados mientras sean lo suficientemente húmedos, pero entonces no desarrollan sus curiosas raíces aéreas.","Taxodi,  xiprer dels pantans",89,Ciprés de los pantanos
5286993,Metrosideros excelsa,,,,,Pohutukawa,90,Arbol rata
2569,Phoenix roebelenii,"It is a small palm that can reach to 5 meters height, with a rounded crown and native to Africa. Its trunk is rough, with a narrow base. The leaves are golden green in the upper side and silver green in the lower side. The lower leaves are thorny. It blooms in spring with cream flowers grouped in panicles. Its fruits are globular, black coloured when ripe in autumn. It is used as an ornamental tree for its foliage.",Pygmy date palm,"Palmera de mida petita que arriba a 5 metres d'alçada com a màxim, de forma arrodonida i d'origen africà. El tronc és rugós, amb la base més estreta. Les fulles són de color verd daurat, amb el revers platejat. Les que es troben més a baix són més espinoses. Floreix a la primavera amb inflorescències agrupades en panícules, de color crema, i seguides de fruits globosos de color negre que maduren a la tardor. S'utilitza com a planta ornamental sobretot per l'aspecte del seu fullatge.","Palmera de medida pequeña que llega a 5 metros de altura como máximo, de forma redondeada y de origen africano. El tronco es rugoso, con la base más estrecha. Lashojas son de color verde dorado, con el reverso plateado. Las que se encuentran más abajo son más espinosas. Florece en primavera con inflorescencias agrupadas en panículas, de color crema y seguidas de frutos globosos de color negro que maduran en otoño. Se utiliza como planta ornamental sobretodo por el aspecto de su follaje.",Palmera nana,91,Palmera datilera enana
1115,Cercis siliquastrum 'Alba',"This is a deciduous tree and it is native to South Eastern Europe and Western Asia. It blossoms between March and April, before its leaves come out. It produces very ornamental lilac flowers, although there are also varieties with pink and white flowers. It produces dark brown or reddish-brown seedpods that appear at the beginning of autumn and remain on the tree all winter. Due to its small habit, it is used as a street tree in Barcelona, and because of its spectacular blossom, it is planted in parks and gardens, either individually or in groups, as well as providing character to some locations, such as street corners. Its flowers are edible and attract bees. There are occasional specimens of the cultivars 'Alba', with white flowers, and 'Rosea', with pink flowers.",Judas tree  'Alba',"Arbre caducifoli, originari del sud-est d'Europa i l'oest d'Àsia. Floreix entre els mesos de març i d'abril, abans que surtin les fulles. Les flors són d'un color lila molt ornamental, per bé que també hi ha varietats de color rosa i de color blanc. Els fruits són llegums de color marró fosc o marró vermellós i apareixen al principi de la tardor després d'haver restat a l'arbre durant l'hivern. Pel seu port petit, a Barcelona s'usa com a arbre de carrer i per la seva floració impactant s'usa individualment o en grups com a arbre de parc o de jardí i per caracteritzar alguns espais, com ara xamfrans. Les flors, que són comestibles, atreuen les abelles. De tant en tant, es troben exemplars de les cultivars 'Alba', de flors blanques, i 'Rosea', de flors rosades.","Árbol caducifolio, originario del sureste de Europa y el oeste de Asia. Florece entre los meses de marzo y abril, antes de que broten las hojas. Las flores son de un color lila muy ornamental, aunque también hay variedades de color rosa y de color blanco. Los frutos son legumbres de color marrón oscuro o marrón rojizo y aparecen a principios de otoño, después de haber permanecido en el árbol durante el invierno. Por su porte pequeño, en Barcelona se emplea como árbol de calle y, por su floración impactante, se usa individualmente o en grupos como árbol de parque o de jardín y para caracterizar algunos espacios, como chaflanes. Las flores, que son comestibles, atraen a las abejas. De vez en cuando, se encuentran ejemplares de los cultivares 'Alba', de flores blancas, y 'Rosea', de flores rosadas.",Arbre de l'amor de flor blanca,92,Árbol del amor de flor blanca
1263,X hesperotropsis leylandii,"This is an evergreen tree with a conical crown. It is a hybrid of Xanthocyparis nootkatensis and Cupressus macrocarpa. It blossoms at the end of winter, with yellow male cones and brown female cones. Its fruit are dark-brown cones that start to ripen in the autumn. Until recently, it was known as × Cupressocyparis leylandii and its name may change again to Cupressus × leylandii.",Leyland Cypress,"És un arbre perennifoli, de capçada cònica. D'origen híbrid entre el Xanthocyparis nootkatensis i el Cupressus macrocarpa. Floreix al final de l'hivern, amb cons masculins de color groc i femenins de color marró. Els fruits són de color marró fosc i comencen a madurar a la tardor. Fins fa poc era conegut com a × Cupressocyparis leylandii i pot ser que torni a canviar a Cupressus × leylandii.","Es un árbol perennifolio, de copa cónica. De origen híbrido entre Xanthocyparis nootkatensis y Cupressus macrocarpa. Florece al final del invierno, con conos masculinos de color amarillo y femeninos de color marrón. Los frutos son de color marrón oscuro y empiezan a madurar en otoño. Hasta hace poco era conocido como × Cupressocyparis leylandii y es posible que cambie de nuevo a Cupressus × leylandii.",Xiprer de Leyland,93,Ciprés de Leyland
652,Ligustrum japonicum,"An evergreen shrub with a rounded crown, native to Japan. It blossoms in July and August, with fragrant white flowers. It produces black globular fruit that ripen in mid-autumn. It is planted to create hedges or used in ornamental gardening.  Three cultivars are found in Barcelona: 'Macrophyllum', with broader, darker leaves; 'Rotundifolium', with rounder leaves; 'Variegatum', with creamy-white leaf margins; and 'Texanum', with coriaceous and wide leaves, slighltly bent on the central nerve, and with yellow-white flowers.  The blossom of these species attracts pollinators.",Japanese privet,"Arbust perennifoli, de capçada arrodonida i originari del Japó. Floreix entre juliol i agost, amb flors oloroses, de color blanc. Els fruits són globosos, de color negre i maduren a mitjans de tardor. Es planta com a arbust per a la creació de tanques o en jardineria ornamental.  A Barcelona trobem les cultivars 'Macrophyllum', de fulles més amples i fosques; 'Rotundifolium', amb les fulles més arrodonides; 'Variegatum', amb els marges de les fulles de color blanc crema; i 'Texanum' amb les fulles coriàcies, acabades en punta i lleugerament doblegades pel nervi central, molt marcat, i les flors de color blanc grogós. Les floracions d'aquestes espècies atrauen pol·linitzadors.","Arbusto perennifolio, de copa redondeada y originario de Japón. Florece entre julio y agosto, con flores olorosas, de color blanco. Los frutos son globosos, de color negro, y maduran a mediados de otoño. Se planta como arbusto para la creación de setos o en jardinería ornamental.  En Barcelona encontramos los cultivares 'Macrophyllum', de hojas más anchas y oscuras; 'Rotundifolium', con las hojas más redondeadas; 'Variegatum', con los márgenes de las hojas de color blanco crema; y 'Texanum', con las hojas coriaceas, acabadas en punta y ligeramente dobladas por el nervio central, muy marcado, y de flores blancas amarillentas. Las floraciones de estas especies atraen polinizadores.","Troana,  troana del Japó",128,"Aligustre japonés,  aligustre del Japón"
286,Robinia pseudoacacia 'Bessoniana',"A deciduous bush, native to Central and Eastern United States. It flowers in April and May, with very fragrant white flowers. It produces reddish-brown seedpods that ripen at the beginning of autumn. It used to be used in wide streets and avenues, and in parks and gardens. However, as it is an invasive species, planting is not recommended.  There are various cultivars in Barcelona, including 'Bessoniana', with a round crown. It is totally thornless and rarely flowers.",Black locust,"Arbre caducifoli, originari del centre i l'est dels Estats Units d'Amèrica. Floreix als mesos d'abril i maig, amb flors blanques, molt perfumades. Els fruits són llegums de color marró vermellós que maduren al principi de la tardor. S'utilitzava com a arbre viari en carrers amples i passeigs, i com a arbre de parcs i jardins, però, com que és una espècie invasora, es recomana no plantar-la.  A Barcelona podem trobar-ne diverses cultivars, com ara la 'Bessoniana', de capçada arrodonida, totalment inerme i que floreix rarament.","Árbol caducifolio, originario del centro y el este de los Estados Unidos de América. Florece en los meses de abril y mayo, con flores blancas, muy perfumadas. Los frutos son legumbres de color marrón rojizo que maduran a principios de otoño. Se utilizaba como árbol viario en calles anchas y paseos, y como árbol de parques y jardines, pero, como es una especie invasora, se recomienda no plantarla.  En Barcelona podemos encontrar varios cultivares, como 'Bessoniana', de copa redondeada, inerme y que raramente florece.","Acàcia borda,  robínia",94,Falsa acacia
5029169,Lophostemon confertus,"A tree native to the east coast of Australia. It can reach a height of up to twenty meters, although the cultivated specimens don't usually exceed ten meters in height. The tree bark is grey, flaky and rough in the lower part of the trunk, while the upper part is soft and brown or greenish. Young shoots have pale and silky hairs. The branches produce a lean exudate when they break. It has a perennial foliage, dark green on the upper surface and paler on the lower surface, with a yellow nerve central, very visible. The foliage is very dense, it provides a lot of shade. It blooms in spring and summer, the flowers are white and are grouped. The fruit is a hemispheric, cup-shaped, green and brown capsule.",Brush Box,"Arbre originari de la costa est d'Austràlia. Pot arribar a assolir fins a vint metres d'alçada, encara que els exemplars cultivats no solen sobrepassar els deu metres d'alçada. L'escorça és grisa, escamosa i rugosa a la part inferior del tronc, mentre que a la part superior és suau i de color marró o verdosa. Els brots joves presenten pèls pàl·lids i sedosos. Les branques produeixen un exsudat lechós quan es trenquen. Té un fullatge perenne, verd fosc a l'anvers i més pàl·lid al revers, amb el nervi central molt visible, de color groguenc. El fullatge és molt dens i proporciona molta ombra. Floreix a la primavera i a l'estiu, les flors són blanques i estan agrupades. Fruit és una càpsula llenyosa, esfèrica, amb forma de copa, de color verd i marró.","Árbol originario de la costa este de Australia. Puede llegar a alcanzar hasta veinte metros de altura, aunque los ejemplares cultivados no suelen sobrepasar los diez metros de altura. La corteza es gris, escamosa y rugosa en la parte inferior del tronco, mientras que en la parte superior es suave y de color marrón o verdoso. Los brotes jóvenes presentan vellosidad pálida y sedosa. Las ramas producen un exudado lechoso cuando se rompen. Tiene un follaje perenne, verde oscuro en el haz y más pálido en el envés, con el nervio central muy visible, de color amarillento. El follaje es muy denso y proporciona mucha sombra. Florece en primavera y en verano, las flores son blancas y están agrupadas. El fruto es una cápsula leñosa, esférica, con forma de copa, de color verde y marrón.",Tristània,95,Boj cepillo
